-- SITAPSI STANDALONE FULL DEMO (DB PORTAL1)
-- Generated for SITAPSI 1 & 2 Synchronization

DROP DATABASE IF EXISTS db_portal1;
CREATE DATABASE db_portal1;
USE db_portal1;

SET SQL_MODE = "NO_AUTO_VALUE_ON_ZERO";
SET FOREIGN_KEY_CHECKS = 0;
START TRANSACTION;

CREATE TABLE tb_admin (
    id_admin INT AUTO_INCREMENT PRIMARY KEY,
    username VARCHAR(50) NOT NULL,
    password VARCHAR(255) NOT NULL, 
    nama_lengkap VARCHAR(100) NOT NULL,
    role ENUM('AdminPusat', 'Admin', 'KepalaSekolah') DEFAULT 'Admin',
    status ENUM('Aktif', 'Suspend') DEFAULT 'Aktif',
    created_at TIMESTAMP DEFAULT CURRENT_TIMESTAMP
);

INSERT INTO tb_admin (id_admin, username, password, nama_lengkap, role) VALUES 
(1, 'admin', 'admin123', 'Admin SITAPSI', 'AdminPusat'),
(2, 'admintatib', 'admin123', 'Tim Kedisiplinan', 'Admin'),
(3, 'kepsek', 'kepsek123', 'Kepala Sekolah', 'KepalaSekolah');

CREATE TABLE tb_tahun_ajaran (
    id_tahun INT AUTO_INCREMENT PRIMARY KEY,
    nama_tahun VARCHAR(20) NOT NULL,
    status ENUM('Aktif', 'Arsip') DEFAULT 'Aktif', 
    semester_aktif ENUM('Ganjil', 'Genap') DEFAULT 'Ganjil'
);

INSERT INTO tb_tahun_ajaran (id_tahun, nama_tahun, status, semester_aktif) VALUES 
(1, '2023/2024', 'Arsip', 'Genap'),
(2, '2024/2025', 'Arsip', 'Genap'),
(3, '2025/2026', 'Aktif', 'Genap');

CREATE TABLE tb_kelas (
    id_kelas INT AUTO_INCREMENT PRIMARY KEY,
    nama_kelas VARCHAR(10) NOT NULL,
    tingkat INT NOT NULL
);

INSERT INTO tb_kelas (id_kelas, nama_kelas, tingkat) VALUES 
(1, 'VII A', 7), (2, 'VII B', 7), (3, 'VII C', 7), (4, 'VII D', 7), (5, 'VII E', 7),
(6, 'VIII A', 8), (7, 'VIII B', 8), (8, 'VIII C', 8), (9, 'VIII D', 8), (10, 'VIII E', 8),
(11, 'IX A', 9), (12, 'IX B', 9), (13, 'IX C', 9), (14, 'IX D', 9), (15, 'IX E', 9);

CREATE TABLE tb_guru (
    id_guru INT AUTO_INCREMENT PRIMARY KEY,
    nama_guru VARCHAR(100) NOT NULL,
    nip VARCHAR(30),
    kode_guru VARCHAR(10),
    id_kelas INT NULL,
    pin_validasi VARCHAR(6) NOT NULL,
    status ENUM('Aktif', 'Non-Aktif') DEFAULT 'Aktif'
);

CREATE TABLE tb_siswa (
    no_induk VARCHAR(50) PRIMARY KEY,
    nama_siswa VARCHAR(100) NOT NULL,
    jenis_kelamin ENUM('L', 'P') NOT NULL,
    kota VARCHAR(100),
    tanggal_lahir DATE,
    alamat TEXT,
    nama_ayah VARCHAR(150),
    pekerjaan_ayah VARCHAR(100),
    nama_ibu VARCHAR(150),
    pekerjaan_ibu VARCHAR(100),
    no_hp_ortu VARCHAR(15),
    id_ortu INT NULL,
    status_aktif ENUM('Aktif', 'Lulus', 'Keluar', 'Dikeluarkan') DEFAULT 'Aktif'
);

CREATE TABLE tb_anggota_kelas (
    id_anggota BIGINT AUTO_INCREMENT PRIMARY KEY,
    no_induk VARCHAR(50) NOT NULL, 
    id_kelas INT NOT NULL,
    id_tahun INT NOT NULL,
    poin_kelakuan INT DEFAULT 0,
    poin_kerajinan INT DEFAULT 0,
    poin_kerapian INT DEFAULT 0,
    total_poin_umum INT DEFAULT 0,
    status_sp_kelakuan ENUM('Aman', 'SP1', 'SP2', 'SP3', 'Sanksi oleh Sekolah') DEFAULT 'Aman',
    status_sp_kerajinan ENUM('Aman', 'SP1', 'SP2', 'SP3', 'Sanksi oleh Sekolah') DEFAULT 'Aman',
    status_sp_kerapian ENUM('Aman', 'SP1', 'SP2', 'SP3', 'Sanksi oleh Sekolah') DEFAULT 'Aman',
    status_sp_terakhir ENUM('Aman', 'SP1', 'SP2', 'SP3', 'Sanksi oleh Sekolah') DEFAULT 'Aman',
    status_reward ENUM('None', 'Kandidat Reward Semester','Kandidat Sertifikat') DEFAULT 'None'
);

CREATE TABLE tb_kategori_pelanggaran (
    id_kategori INT AUTO_INCREMENT PRIMARY KEY,
    nama_kategori VARCHAR(50) NOT NULL
);

INSERT INTO tb_kategori_pelanggaran (id_kategori, nama_kategori) VALUES (1, 'KELAKUAN'), (2, 'KERAJINAN'), (3, 'KERAPIAN');

CREATE TABLE tb_sanksi_ref (
    id_sanksi_ref INT AUTO_INCREMENT PRIMARY KEY,
    kode_sanksi VARCHAR(5) NOT NULL, 
    deskripsi TEXT NOT NULL,
    status ENUM('Aktif', 'Non-Aktif') DEFAULT 'Aktif'
);

INSERT INTO tb_sanksi_ref (id_sanksi_ref, kode_sanksi, deskripsi) VALUES 
(1, '1', 'Meminta maaf dan berjanji tidak mengulang'),
(2, '2', 'Dikeluarkan saat PBM (Proses Belajar Mengajar)'),
(3, '3', 'Mengganti/memperbaiki fasilitas sekolah yang rusak'),
(4, '4', 'Mengganti/mengembalikan uang atau barang yang dipinjam/diambil'),
(5, '5', 'Menjalani pembinaan oleh Wali Kelas'),
(6, '6', 'Membersihkan lingkungan sekolah'),
(7, '7', 'Pemanggilan orang tua/wali siswa'),
(8, '8', 'Menjalani pembinaan oleh BK'),
(9, '9', 'Menjalani pembinaan khusus oleh Tim Tatib'),
(10, '10', 'Diserahkan kembali pendidikannya kepada orang tua (Dikeluarkan)');

CREATE TABLE tb_jenis_pelanggaran (
    id_jenis INT AUTO_INCREMENT PRIMARY KEY,
    id_kategori INT NOT NULL,
    sub_kategori VARCHAR(100), 
    nama_pelanggaran TEXT NOT NULL,
    poin_default INT NOT NULL,
    sanksi_default VARCHAR(50), 
    status ENUM('Aktif', 'Non-Aktif') DEFAULT 'Aktif'
);

CREATE TABLE tb_aturan_sp (
    id_aturan_sp INT AUTO_INCREMENT PRIMARY KEY,
    id_kategori INT NOT NULL, 
    level_sp ENUM('SP1', 'SP2', 'SP3', 'Sanksi oleh Sekolah') NOT NULL,
    batas_bawah_poin INT NOT NULL
);

INSERT INTO tb_aturan_sp (id_kategori, level_sp, batas_bawah_poin) VALUES 
(1, 'SP1', 250), (1, 'SP2', 750), (1, 'SP3', 1500), (1, 'Sanksi oleh Sekolah', 2000),
(2, 'SP1', 75), (2, 'SP2', 300), (2, 'SP3', 450), (2, 'Sanksi oleh Sekolah', 600),
(3, 'SP1', 100), (3, 'SP2', 300), (3, 'SP3', 450), (3, 'Sanksi oleh Sekolah', 600);

CREATE TABLE tb_predikat_nilai (
    id_predikat INT AUTO_INCREMENT PRIMARY KEY,
    id_kategori INT NOT NULL,
    huruf_mutu CHAR(1) NOT NULL,
    batas_bawah INT NOT NULL,
    batas_atas INT NOT NULL,
    keterangan VARCHAR(100)
);

INSERT INTO tb_predikat_nilai (id_kategori, huruf_mutu, batas_bawah, batas_atas, keterangan) VALUES 
(1, 'A', 0, 49, 'Sangat Baik'), (1, 'B', 50, 249, 'Baik'), (1, 'C', 250, 1499, 'Cukup (SP1/SP2)'), (1, 'D', 1500, 9999, 'Kurang (SP3/Berat)'),
(2, 'A', 0, 24, 'Sangat Baik'), (2, 'B', 25, 74, 'Baik'), (2, 'C', 75, 449, 'Cukup (SP1/SP2)'), (2, 'D', 450, 9999, 'Kurang (SP3/Berat)'),
(3, 'A', 0, 49, 'Sangat Baik'), (3, 'B', 50, 99, 'Baik'), (3, 'C', 100, 449, 'Cukup (SP1/SP2)'), (3, 'D', 450, 9999, 'Kurang (SP3/Berat)');

CREATE TABLE tb_pelanggaran_header (
    id_transaksi BIGINT AUTO_INCREMENT PRIMARY KEY,
    id_anggota BIGINT NOT NULL,
    id_guru INT NOT NULL,
    id_tahun INT NOT NULL, 
    tanggal DATE NOT NULL,
    waktu TIME NOT NULL,
    semester ENUM('Ganjil', 'Genap') NOT NULL, 
    tipe_form ENUM('Piket', 'Kelas') NOT NULL,
    bukti_foto VARCHAR(255) NULL,
    lampiran_link TEXT NULL, 
    lampiran VARCHAR(255) NULL, 
    catatan TEXT NULL,
    status_revisi ENUM('None', 'Pending', 'Disetujui', 'Ditolak') DEFAULT 'None',
    alasan_revisi TEXT NULL
);

CREATE TABLE tb_pelanggaran_detail (
    id_detail BIGINT AUTO_INCREMENT PRIMARY KEY,
    id_transaksi BIGINT NOT NULL,
    id_jenis INT NOT NULL,
    poin_saat_itu INT NOT NULL
);

CREATE TABLE tb_pelanggaran_sanksi (
    id_trans_sanksi BIGINT AUTO_INCREMENT PRIMARY KEY,
    id_transaksi BIGINT NOT NULL,
    id_sanksi_ref INT NOT NULL
);

CREATE TABLE tb_riwayat_sp (
    id_sp INT AUTO_INCREMENT PRIMARY KEY,
    id_anggota BIGINT NOT NULL,
    tingkat_sp ENUM('SP1', 'SP2', 'SP3', 'Sanksi oleh Sekolah') NOT NULL,
    kategori_pemicu VARCHAR(50), 
    tanggal_terbit DATE NOT NULL,
    tanggal_validasi DATE, 
    status ENUM('Pending', 'Selesai') DEFAULT 'Pending',
    id_admin INT, 
    catatan_admin TEXT NULL
);

CREATE TABLE tb_orang_tua (
    id_ortu INT AUTO_INCREMENT PRIMARY KEY,
    nik_ortu VARCHAR(20) UNIQUE NOT NULL, 
    password VARCHAR(255) NOT NULL, 
    nama_ayah VARCHAR(150),
    pekerjaan_ayah VARCHAR(100),
    nama_ibu VARCHAR(150),
    pekerjaan_ibu VARCHAR(100),
    no_hp_ortu VARCHAR(15),
    alamat TEXT,
    is_active TINYINT(1) DEFAULT 1,
    created_at TIMESTAMP DEFAULT CURRENT_TIMESTAMP
);

CREATE TABLE tb_feedback_ortu (
    id_feedback INT AUTO_INCREMENT PRIMARY KEY,
    id_ortu INT NOT NULL,
    id_sp INT NOT NULL,
    isi_feedback TEXT NOT NULL,
    tanggal_kirim DATETIME DEFAULT CURRENT_TIMESTAMP,
    status_baca ENUM('Belum Dibaca', 'Sudah Dibaca') DEFAULT 'Belum Dibaca',
    id_admin_pembaca INT NULL 
);


INSERT INTO tb_jenis_pelanggaran (id_jenis, id_kategori, sub_kategori, nama_pelanggaran, poin_default, sanksi_default) VALUES 
(1, 1, '01. Kegiatan Sekolah', 'Tidak mengikuti kegiatan wajib sekolah / upacara tanpa keterangan.', 100, '5'),
(2, 1, '01. Kegiatan Sekolah', 'Bergurau/tidak tertib saat kegiatan berlangsung', 100, '5'),
(3, 1, '02. Sikap & Moral', 'Berkata tidak sopan/kasar/jorok', 100, '1'),
(4, 1, '02. Sikap & Moral', 'Mencuri/memalak/meminta paksa', 500, '1,4,7'),
(5, 1, '02. Sikap & Moral', 'Berbohong', 100, '1'),
(6, 1, '02. Sikap & Moral', 'Menghina/mengejek Guru/Karyawan', 200, '1,5'),
(7, 1, '02. Sikap & Moral', 'Menghina/mengejek Siswa/Teman', 100, '1'),
(8, 1, '02. Sikap & Moral', 'Perundungan (Bullying)', 100, '1,5,7,8,9'),
(9, 1, '02. Sikap & Moral', 'Membanting pintu/melempar benda', 100, '1'),
(10, 1, '02. Sikap & Moral', 'Memanggil ortu dengan sebutan tidak sopan', 100, '1,2,5,8'),
(11, 1, '02. Sikap & Moral', 'Bersikap tidak sopan (duduk di meja dll)', 100, '1,2'),
(12, 1, '02. Sikap & Moral', 'Merayakan HUT teman secara negatif', 100, '1,5'),
(13, 1, '02. Sikap & Moral', 'Memicu keributan di medsos/sekolah', 100, '1,2,7,8'),
(14, 1, '02. Sikap & Moral', 'Membiarkan/mendorong kerusakan fasilitas', 100, '1,3'),
(15, 1, '02. Sikap & Moral', 'Membiarkan teman celaka/sakit', 100, '1,2,7,8'),
(16, 1, '03. Dokumen', 'Memalsukan surat/tanda tangan', 300, '7'),
(17, 1, '04. Rokok & Miras', 'Membawa rokok', 300, '7,8'),
(18, 1, '04. Rokok & Miras', 'Merokok (langsung/medsos)', 500, '7,8,9,10'),
(19, 1, '04. Rokok & Miras', 'Membawa minuman keras', 300, '7,8'),
(20, 1, '04. Rokok & Miras', 'Meminum minuman keras', 500, '7,8,9,10'),
(21, 1, '05. NAPZA', 'Membawa/mengedarkan/menggunakan NAPZA', 9999, '10'),
(22, 1, '06. Pelecehan Seksual', 'Membawa/akses/sebar konten porno', 300, '1,7'),
(23, 1, '06. Pelecehan Seksual', 'Melakukan tindakan Pelecehan Seksual', 500, '1,7,8,9'),
(24, 1, '07. Kekerasan', 'Terlibat perkelahian/main hakim sendiri', 300, '1,2,7,8,9'),
(25, 1, '07. Kekerasan', 'Mengancam Kepala Sekolah/Guru/Karyawan', 300, '10'),
(26, 1, '07. Kekerasan', 'Tindak kriminal terbukti hukum', 9999, '10'),
(27, 1, '08. Gank', 'Terlibat Gank negatif', 300, '1,7,8'),
(28, 1, '09. Sarana Prasarana', 'Mencorat-coret/merusak sarana sekolah', 75, '1,3'),
(29, 1, '09. Sarana Prasarana', 'Bermain alat PBM/sapu di kelas', 75, '1,3'),
(30, 1, '09. Sarana Prasarana', 'Makan dan minum di dalam kelas', 50, '1,2'),
(31, 1, '10. Ketertiban PBM', 'Ramai/tidak memperhatikan saat PBM', 50, '1,2'),
(32, 1, '10. Ketertiban PBM', 'Keluar kelas saat PBM tanpa izin', 50, '1,2'),
(33, 1, '10. Ketertiban PBM', 'Menyontek saat ulangan', 300, '1,5'),
(34, 1, '10. Ketertiban PBM', 'Mengambil alat PBM teman tanpa izin', 50, '1,2'),
(35, 1, '10. Ketertiban PBM', 'Penyalahgunaan HP saat PBM', 50, '1,2'),
(36, 1, '11. 10 K', 'Tidak mendukung 10 K', 50, '1,2,6'),
(37, 1, '12. Kendaraan', 'Mengendarai kendaraan bermotor sendiri', 300, '1,7,8,9'),
(38, 2, '01. Kehadiran', 'Terlambat sekolah/tambahan/ekstra', 25, '2,5,7,8'),
(39, 2, '02. Efektif Sekolah', 'Tidak hadir tanpa keterangan (Alpa)', 75, '7,8'),
(40, 2, '02. Efektif Sekolah', 'Meninggalkan sekolah saat PBM (Bolos)', 75, '7,8'),
(41, 2, '03. PBM', 'Tidak masuk kelas jam pertama', 300, '1,7'),
(42, 2, '03. PBM', 'Tidak ikut olahraga/praktikum tanpa izin', 500, '1,7,8,9'),
(43, 2, '04. Perlengkapan', 'Tidak bawa buku pelajaran', 50, '1,2'),
(44, 2, '04. Perlengkapan', 'Buku catatan campur/tidak rapi', 50, '1,2'),
(45, 2, '04. Perlengkapan', 'Tidak bawa LKS/PR/Tugas', 50, '1,2'),
(46, 2, '04. Perlengkapan', 'Membawa barang non-PBM', 75, '7,8'),
(47, 2, '04. Perlengkapan', 'Tidak membawa buku tatib/literasi', 25, '1'),
(48, 2, '05. Tugas', 'Mencontoh PR/Tugas', 50, '2'),
(49, 2, '05. Tugas', 'Tidak mengumpulkan PR/Tugas', 50, '2'),
(50, 2, '06. Ekstrakurikuler', 'Tidak ikut ekstra tanpa izin', 50, '7,8'),
(51, 2, '06. Ekstrakurikuler', 'Ramai saat kegiatan ekstra', 50, '2'),
(52, 2, '06. Ekstrakurikuler', 'Tidak ikut tambahan pelajaran', 50, '7'),
(53, 3, '01. Seragam', 'Seragam tidak sesuai ketentuan', 75, '1,2,5,7'),
(54, 3, '01. Seragam', 'Pakai rompi/jaket hanya aksesoris', 75, '1,2,5,7'),
(55, 3, '01. Seragam', 'Seragam olahraga dari rumah/saat pulang', 50, '1'),
(56, 3, '01. Seragam', 'Tidak pakai kaos dalam', 50, '1'),
(57, 3, '01. Seragam', 'Atribut tidak lengkap (topi/dasi/sabuk/dll)', 50, '1'),
(58, 3, '01. Seragam', 'Kaos kaki pendek/warna-warni/sepatu non-hitam', 50, '5'),
(59, 3, '01. Seragam', 'Seragam dicoret-coret', 100, '1'),
(60, 3, '01. Seragam', 'Mencoret anggota tubuh', 100, '1'),
(61, 3, '01. Seragam', 'Baju tidak dimasukkan/rok-celana tidak standar', 50, '1,2,5,7'),
(62, 3, '02. Aksesoris', 'Perhiasan/aksesoris berlebihan', 50, '1'),
(63, 3, '02. Aksesoris', 'Putra memakai gelang/anting/kalung', 50, '1'),
(64, 3, '02. Aksesoris', 'Putri memakai gelang/double anting', 50, '1'),
(65, 3, '02. Aksesoris', 'Kuku panjang/dicat', 50, '1'),
(66, 3, '03. Rambut', 'Rambut dicat', 100, '1,7'),
(67, 3, '03. Rambut', 'Putra rambut panjang/gundul', 50, '1'),
(68, 3, '03. Rambut', 'Rambut menutupi wajah/tidak rapi', 50, '1'),
(69, 3, '04. Kegiatan', 'Tidak rapi/bersepatu saat ekstra/tambahan', 50, '1'),
(70, 3, '05. Sepeda', 'Parkir sepeda tidak teratur/tidak dikunci', 25, '1')
;

INSERT INTO tb_guru (id_guru, nama_guru, nip, kode_guru, id_kelas, pin_validasi) VALUES 
(1, 'Sr. M. Elfrida Suhartati, SPM, S.Psi.,MM', '10001', '1', NULL, '123456'),
(2, 'Antonetta Maria Kuntodiati, S.Pd', '10002', '2', 9, '123456'),
(3, 'Dra. Maria Marsiti', '10003', '3', NULL, '123456'),
(4, 'Trianto Thomas, S.Pd', '10004', '4', 15, '123456'),
(5, 'Agustina Peni Sarasati, S.Pd', '10005', '5', 1, '123456'),
(6, 'Y. Pamungkas, S.Pd', '10006', '6', NULL, '123456'),
(7, 'Joseph Andiek Kristian, S.Pd, S.Kom', '10007', '7', NULL, '123456'),
(8, 'Albertha Yulanti Susetyo, M.Pd', '10008', '8', 4, '123456'),
(9, 'Galang Bagus Afridianto, M.Pd', '10009', '9', NULL, '123456'),
(10, 'Hendrik Kiswanto, S.Pd.', '10010', '10', NULL, '123456'),
(11, 'Margareta Esti Wulan, S.Pd.', '10011', '11', 14, '123456'),
(12, 'Theresia Sri Wahyuni, S.Pd, M.M.', '10012', '12', 12, '123456'),
(13, 'Yosua Beni Setiawan, S.Pd.', '10014', '14', NULL, '123456'),
(14, 'God Life Endob Mesak, S.Pd', '10015', '15', NULL, '123456'),
(15, 'Agnes Herawaty Sinurat, S.E., M.M.', '10016', '16', 3, '123456'),
(16, 'Deka Nanda Kurniawati, S.Pd.', '10017', '17', NULL, '123456'),
(17, 'Agatha Novenia Bintang Prieska, S.Pd.', '10018', '18', 2, '123456'),
(18, 'Bernadetha Devia Tindy Noveyra, S.Pd.', '10019', '19', 7, '123456'),
(19, 'Drs. Albertus Magnus Meo Depa', '10020', '20', NULL, '123456'),
(20, 'Giovani Bimby Dwiantonio, S.Pd', '10021', '21', 11, '123456'),
(21, 'Arnoldus Kobe Tegar Felix Sai, S.Pd.', '10022', '22', NULL, '123456'),
(22, 'Haniar Mey Sila Kinanti, S.Pd.', '10023', '23', 10, '123456'),
(23, 'Anjelina Wulandari Sitina De Sareng, S.Pd', '10024', '24', 6, '123456'),
(24, 'Lydia Uli Permatasari, S.Pd.', '10025', '25', 13, '123456'),
(25, 'Albertus Bayu Seto, S.Pd', '10026', '26', NULL, '123456'),
(26, 'Brigita Natalia Setyaningrum, S.Pd.', '10027', '27', 8, '123456'),
(27, 'Amelia Rangel Da Silva, S.Pd', '10028', '28', 5, '123456');
;

-- FASE: tb_orang_tua
INSERT INTO tb_orang_tua (id_ortu, nik_ortu, password, nama_ayah, pekerjaan_ayah, nama_ibu, pekerjaan_ibu, no_hp_ortu, alamat) VALUES
(101, '3573013940135066', 'e10adc3949ba59abbe56e057f20f883e', 'Aris Kusuma', 'Satpam', 'Kartika Hidayatullah', 'Supir', '081668379864', 'Jl. Veteran No. 38, Malang'),
(102, '3573013760522380', 'e10adc3949ba59abbe56e057f20f883e', 'Fauzan Gunawan', 'Perawat', 'Rina Ginting', 'Guru', '081158350212', 'Jl. Semeru No. 38, Malang'),
(103, '3573013361492086', 'e10adc3949ba59abbe56e057f20f883e', 'Guntur Nasution', 'Pedagang', 'Salma Purnomo', 'Dokter', '081702715258', 'Jl. Borobudur No. 44, Malang'),
(104, '3573011907045974', 'e10adc3949ba59abbe56e057f20f883e', 'Wahyu Sitorus', 'Karyawan Swasta', 'Rini Saputra', 'TNI', '081518861557', 'Jl. Kawi No. 81, Malang'),
(105, '3573011149486176', 'e10adc3949ba59abbe56e057f20f883e', 'Wawan Susanto', 'PNS', 'Rini Siregar', 'Karyawan Swasta', '081210568282', 'Jl. Veteran No. 45, Malang'),
(106, '3573013250406784', 'e10adc3949ba59abbe56e057f20f883e', 'Prasetyo Nugroho', 'Petani', 'Zahra Sutrisno', 'Guru', '081123076476', 'Jl. Sawojajar No. 56, Malang'),
(107, '3573018221808847', 'e10adc3949ba59abbe56e057f20f883e', 'Zulkifli Santoso', 'Satpam', 'Maya Raharjo', 'PNS', '081692541027', 'Jl. Borobudur No. 70, Malang'),
(108, '3573019615096093', 'e10adc3949ba59abbe56e057f20f883e', 'Joko Purnomo', 'Polri', 'Hana Saputra', 'Guru', '081432353619', 'Jl. Langsep No. 64, Malang'),
(109, '3573012823263106', 'e10adc3949ba59abbe56e057f20f883e', 'Wahyu Pohan', 'TNI', 'Eka Saputra', 'Petani', '081673023860', 'Jl. Dinoyo No. 5, Malang'),
(110, '3573013006511017', 'e10adc3949ba59abbe56e057f20f883e', 'Surya Purnomo', 'Supir', 'Siti Siregar', 'Supir', '081424098638', 'Jl. Blimbing No. 64, Malang'),
(111, '3573013792068194', 'e10adc3949ba59abbe56e057f20f883e', 'Bayu Wahyudi', 'Pedagang', 'Hana Permana', 'Arsitek', '081268162425', 'Jl. Sulfat No. 2, Malang'),
(112, '3573012916875856', 'e10adc3949ba59abbe56e057f20f883e', 'Ridwan Wibowo', 'Wiraswasta', 'Widya Setiawan', 'Pedagang', '081275707024', 'Jl. Semeru No. 7, Malang'),
(113, '3573013655126277', 'e10adc3949ba59abbe56e057f20f883e', 'Slamet Pratama', 'Karyawan Swasta', 'Hana Ginting', 'Petani', '081820244177', 'Jl. Ijen No. 50, Malang'),
(114, '3573013990263936', 'e10adc3949ba59abbe56e057f20f883e', 'Indra Budiman', 'Petani', 'Wati Ginting', 'Karyawan Swasta', '081188390884', 'Jl. Borobudur No. 71, Malang'),
(115, '3573017056995315', 'e10adc3949ba59abbe56e057f20f883e', 'Eko Wijaya', 'PNS', 'Indah Ramadhan', 'Satpam', '081308408059', 'Jl. Galunggung No. 23, Malang'),
(116, '3573012194850412', 'e10adc3949ba59abbe56e057f20f883e', 'Budi Hidayat', 'Pilot', 'Keysha Santoso', 'PNS', '081722013356', 'Jl. Blimbing No. 37, Malang'),
(117, '3573019741749000', 'e10adc3949ba59abbe56e057f20f883e', 'Hasan Pratama', 'PNS', 'Widya Raharjo', 'Dosen', '081978257845', 'Jl. Blimbing No. 81, Malang'),
(118, '3573012435243204', 'e10adc3949ba59abbe56e057f20f883e', 'Eko Nugroho', 'Pedagang', 'Siti Wibowo', 'Nelayan', '081530278403', 'Jl. Arjosari No. 48, Malang'),
(119, '3573018528819250', 'e10adc3949ba59abbe56e057f20f883e', 'Bayu Wahyudi', 'Petani', 'Dian Wibowo', 'Petani', '081587958277', 'Jl. Langsep No. 7, Malang'),
(120, '3573017601646017', 'e10adc3949ba59abbe56e057f20f883e', 'Teguh Santoso', 'Pilot', 'Dian Wijaya', 'Pilot', '081131499558', 'Jl. Oro-oro Dowo No. 1, Malang'),
(121, '3573012533281808', 'e10adc3949ba59abbe56e057f20f883e', 'Joko Susanto', 'Guru', 'Widya Hidayat', 'Petani', '081756881378', 'Jl. Sulfat No. 94, Malang'),
(122, '3573013656761379', 'e10adc3949ba59abbe56e057f20f883e', 'Agus Siregar', 'Polri', 'Dian Hidayat', 'Petani', '081299083336', 'Jl. Sulfat No. 46, Malang'),
(123, '3573016797693754', 'e10adc3949ba59abbe56e057f20f883e', 'Hadi Siregar', 'Pedagang', 'Widya Nugroho', 'Dokter', '081153914321', 'Jl. Sulfat No. 44, Malang'),
(124, '3573013290833022', 'e10adc3949ba59abbe56e057f20f883e', 'Bambang Kusuma', 'Karyawan Swasta', 'Maya Ginting', 'Nelayan', '081249526245', 'Jl. Oro-oro Dowo No. 16, Malang'),
(125, '3573015928868689', 'e10adc3949ba59abbe56e057f20f883e', 'Eko Budiman', 'Karyawan Swasta', 'Siska Santoso', 'Polri', '081319067608', 'Jl. Langsep No. 67, Malang'),
(126, '3573012468690961', 'e10adc3949ba59abbe56e057f20f883e', 'Eko Pratama', 'Polri', 'Dian Purnomo', 'Pedagang', '081190291487', 'Jl. Semeru No. 78, Malang'),
(127, '3573015674940960', 'e10adc3949ba59abbe56e057f20f883e', 'Ali Sitorus', 'Dokter', 'Dian Pratama', 'PNS', '081706666758', 'Jl. Ijen No. 85, Malang'),
(128, '3573018470044478', 'e10adc3949ba59abbe56e057f20f883e', 'Aditya Gunawan', 'Supir', 'Sri Susanto', 'Satpam', '081516642032', 'Jl. Blimbing No. 4, Malang'),
(129, '3573014134905916', 'e10adc3949ba59abbe56e057f20f883e', 'Ahmad Wijaya', 'Petani', 'Amalia Hidayat', 'Wiraswasta', '081394384768', 'Jl. Galunggung No. 36, Malang'),
(130, '3573015822392982', 'e10adc3949ba59abbe56e057f20f883e', 'Hendra Sutrisno', 'Arsitek', 'Mega Kusuma', 'Polri', '081929518979', 'Jl. Borobudur No. 91, Malang'),
(131, '3573018711297578', 'e10adc3949ba59abbe56e057f20f883e', 'Slamet Raharjo', 'Nelayan', 'Aura Nugroho', 'Wiraswasta', '081553974259', 'Jl. Blimbing No. 2, Malang'),
(132, '3573012709644094', 'e10adc3949ba59abbe56e057f20f883e', 'Guntur Siregar', 'Buruh', 'Amalia Wahyudi', 'Satpam', '081691975850', 'Jl. Ijen No. 34, Malang'),
(133, '3573013458376031', 'e10adc3949ba59abbe56e057f20f883e', 'Hamzah Saputra', 'Wiraswasta', 'Sri Kusuma', 'Polri', '081676136218', 'Jl. Blimbing No. 46, Malang'),
(134, '3573014548188464', 'e10adc3949ba59abbe56e057f20f883e', 'Guntur Sitorus', 'Petani', 'Khadijah Pohan', 'TNI', '081604125888', 'Jl. Sawojajar No. 13, Malang'),
(135, '3573017534716203', 'e10adc3949ba59abbe56e057f20f883e', 'Teguh Purnomo', 'Nelayan', 'Ratna Santoso', 'Arsitek', '081853199316', 'Jl. Blimbing No. 35, Malang'),
(136, '3573019341923465', 'e10adc3949ba59abbe56e057f20f883e', 'Fauzan Raharjo', 'Pilot', 'Aura Santoso', 'Buruh', '081104445978', 'Jl. Sulfat No. 98, Malang'),
(137, '3573015238675614', 'e10adc3949ba59abbe56e057f20f883e', 'Dani Nugroho', 'PNS', 'Amalia Budiman', 'Petani', '081663488313', 'Jl. Sulfat No. 99, Malang'),
(138, '3573016410771552', 'e10adc3949ba59abbe56e057f20f883e', 'Rian Hidayatullah', 'Dokter', 'Maryam Sutrisno', 'Pilot', '081799953048', 'Jl. Blimbing No. 21, Malang'),
(139, '3573015376656327', 'e10adc3949ba59abbe56e057f20f883e', 'Iwan Sutrisno', 'Buruh', 'Dewi Santoso', 'Arsitek', '081323873467', 'Jl. Langsep No. 82, Malang'),
(140, '3573012016318198', 'e10adc3949ba59abbe56e057f20f883e', 'Taufik Ramadhan', 'Pilot', 'Khadijah Firmansyah', 'Petani', '081287104821', 'Jl. Sukarno Hatta No. 6, Malang'),
(141, '3573017949133244', 'e10adc3949ba59abbe56e057f20f883e', 'Hasan Purnomo', 'Guru', 'Eka Permana', 'Petani', '081185134420', 'Jl. Arjosari No. 100, Malang'),
(142, '3573013023847365', 'e10adc3949ba59abbe56e057f20f883e', 'Rian Lubis', 'PNS', 'Ani Kusuma', 'Guru', '081871825062', 'Jl. Oro-oro Dowo No. 27, Malang'),
(143, '3573012372794988', 'e10adc3949ba59abbe56e057f20f883e', 'Eko Raharjo', 'Dokter', 'Amalia Raharjo', 'Guru', '081861609663', 'Jl. Arjosari No. 7, Malang'),
(144, '3573016964312432', 'e10adc3949ba59abbe56e057f20f883e', 'Yanto Ginting', 'Dosen', 'Linda Pane', 'Polri', '081850546472', 'Jl. Veteran No. 5, Malang'),
(145, '3573018384355365', 'e10adc3949ba59abbe56e057f20f883e', 'Dedi Gunawan', 'Nelayan', 'Keysha Santoso', 'Arsitek', '081868304336', 'Jl. Borobudur No. 51, Malang'),
(146, '3573013226617420', 'e10adc3949ba59abbe56e057f20f883e', 'Syarif Wibowo', 'Karyawan Swasta', 'Dian Setiawan', 'Perawat', '081682201871', 'Jl. Sulfat No. 94, Malang'),
(147, '3573018202339782', 'e10adc3949ba59abbe56e057f20f883e', 'Eko Pratama', 'TNI', 'Keysha Sitorus', 'Pedagang', '081174021459', 'Jl. Sukarno Hatta No. 16, Malang'),
(148, '3573012091135008', 'e10adc3949ba59abbe56e057f20f883e', 'Ridwan Ginting', 'Guru', 'Fatmawati Wahyudi', 'Arsitek', '081591590101', 'Jl. Sawojajar No. 72, Malang'),
(149, '3573014979775384', 'e10adc3949ba59abbe56e057f20f883e', 'Fauzan Gunawan', 'Supir', 'Dian Pane', 'PNS', '081770461038', 'Jl. Borobudur No. 39, Malang'),
(150, '3573011716181803', 'e10adc3949ba59abbe56e057f20f883e', 'Budi Permana', 'Dokter', 'Eka Ginting', 'Dokter', '081336802035', 'Jl. Borobudur No. 92, Malang'),
(151, '3573019358382819', 'e10adc3949ba59abbe56e057f20f883e', 'Zaki Susanto', 'Petani', 'Aura Raharjo', 'PNS', '081832426971', 'Jl. Veteran No. 64, Malang'),
(152, '3573013005197193', 'e10adc3949ba59abbe56e057f20f883e', 'Rian Susanto', 'Nelayan', 'Lutfia Nugroho', 'Dosen', '081855194167', 'Jl. Blimbing No. 12, Malang'),
(153, '3573011924311642', 'e10adc3949ba59abbe56e057f20f883e', 'Indra Sutrisno', 'Karyawan Swasta', 'Siska Sutrisno', 'Pilot', '081242133460', 'Jl. Oro-oro Dowo No. 50, Malang'),
(154, '3573015162835858', 'e10adc3949ba59abbe56e057f20f883e', 'Dimas Hidayatullah', 'Wiraswasta', 'Utami Pratama', 'Dokter', '081764592576', 'Jl. Arjosari No. 15, Malang'),
(155, '3573017431714709', 'e10adc3949ba59abbe56e057f20f883e', 'Bambang Hidayat', 'PNS', 'Maryam Firmansyah', 'Supir', '081584372043', 'Jl. Kawi No. 46, Malang'),
(156, '3573016814133067', 'e10adc3949ba59abbe56e057f20f883e', 'Joko Raharjo', 'TNI', 'Amalia Sutrisno', 'Arsitek', '081466615578', 'Jl. Sawojajar No. 91, Malang'),
(157, '3573011864007469', 'e10adc3949ba59abbe56e057f20f883e', 'Joko Raharjo', 'Pilot', 'Linda Hidayatullah', 'Guru', '081354097482', 'Jl. Ijen No. 35, Malang'),
(158, '3573018131786335', 'e10adc3949ba59abbe56e057f20f883e', 'Budi Permana', 'Nelayan', 'Maya Hidayat', 'Petani', '081472615146', 'Jl. Sawojajar No. 16, Malang'),
(159, '3573017858914197', 'e10adc3949ba59abbe56e057f20f883e', 'Yahya Ginting', 'Arsitek', 'Ratna Susanto', 'Pilot', '081137624037', 'Jl. Sukarno Hatta No. 13, Malang'),
(160, '3573017810029665', 'e10adc3949ba59abbe56e057f20f883e', 'Joko Wibowo', 'Arsitek', 'Putri Santoso', 'Wiraswasta', '081225606105', 'Jl. Sukarno Hatta No. 17, Malang'),
(161, '3573011271876798', 'e10adc3949ba59abbe56e057f20f883e', 'Yanto Permana', 'Dosen', 'Aisyah Santoso', 'Wiraswasta', '081487415273', 'Jl. Oro-oro Dowo No. 62, Malang'),
(162, '3573015566321379', 'e10adc3949ba59abbe56e057f20f883e', 'Dimas Nugroho', 'Dosen', 'Khadijah Siregar', 'Nelayan', '081101509542', 'Jl. Kawi No. 59, Malang'),
(163, '3573014592877771', 'e10adc3949ba59abbe56e057f20f883e', 'Bambang Raharjo', 'Dosen', 'Hana Ramadhan', 'Buruh', '081664201191', 'Jl. Blimbing No. 72, Malang'),
(164, '3573016288887267', 'e10adc3949ba59abbe56e057f20f883e', 'Sutrisno Ginting', 'Supir', 'Salma Setiawan', 'Dosen', '081682899381', 'Jl. Veteran No. 67, Malang'),
(165, '3573014404308283', 'e10adc3949ba59abbe56e057f20f883e', 'Indra Gunawan', 'Nelayan', 'Sri Ginting', 'Polri', '081299992858', 'Jl. Sawojajar No. 35, Malang'),
(166, '3573016417691452', 'e10adc3949ba59abbe56e057f20f883e', 'Ahmad Ramadhan', 'Dokter', 'Tri Raharjo', 'PNS', '081990878482', 'Jl. Sulfat No. 39, Malang'),
(167, '3573013232685398', 'e10adc3949ba59abbe56e057f20f883e', 'Guntur Hidayatullah', 'PNS', 'Ani Permana', 'TNI', '081795303163', 'Jl. Blimbing No. 12, Malang'),
(168, '3573011294769858', 'e10adc3949ba59abbe56e057f20f883e', 'Hamzah Purnomo', 'PNS', 'Dewi Susanto', 'Perawat', '081290991534', 'Jl. Veteran No. 57, Malang'),
(169, '3573014577253975', 'e10adc3949ba59abbe56e057f20f883e', 'Iwan Purnomo', 'Supir', 'Linda Hidayatullah', 'Dosen', '081583258261', 'Jl. Arjosari No. 34, Malang'),
(170, '3573014265580737', 'e10adc3949ba59abbe56e057f20f883e', 'Hendra Firmansyah', 'Polri', 'Keysha Budiman', 'Supir', '081665602295', 'Jl. Ijen No. 76, Malang'),
(171, '3573018496751340', 'e10adc3949ba59abbe56e057f20f883e', 'Wawan Gunawan', 'Wiraswasta', 'Linda Ginting', 'Buruh', '081688157983', 'Jl. Langsep No. 23, Malang'),
(172, '3573016187090593', 'e10adc3949ba59abbe56e057f20f883e', 'Rizky Budiman', 'PNS', 'Fitri Susanto', 'Buruh', '081178842047', 'Jl. Veteran No. 9, Malang'),
(173, '3573011791673041', 'e10adc3949ba59abbe56e057f20f883e', 'Wahyu Santoso', 'Satpam', 'Salma Pane', 'Petani', '081343294671', 'Jl. Galunggung No. 70, Malang'),
(174, '3573017855108617', 'e10adc3949ba59abbe56e057f20f883e', 'Dedi Nasution', 'Dosen', 'Sari Hidayat', 'Supir', '081990298803', 'Jl. Kawi No. 28, Malang'),
(175, '3573013836706012', 'e10adc3949ba59abbe56e057f20f883e', 'Umar Ramadhan', 'Arsitek', 'Indah Wijaya', 'Nelayan', '081950640483', 'Jl. Arjosari No. 82, Malang'),
(176, '3573014389800323', 'e10adc3949ba59abbe56e057f20f883e', 'Bambang Pratama', 'Supir', 'Zahra Nasution', 'Guru', '081618208814', 'Jl. Langsep No. 42, Malang'),
(177, '3573019580991044', 'e10adc3949ba59abbe56e057f20f883e', 'Surya Wijaya', 'Perawat', 'Salma Wahyudi', 'Nelayan', '081771664067', 'Jl. Borobudur No. 61, Malang'),
(178, '3573013165946501', 'e10adc3949ba59abbe56e057f20f883e', 'Lukman Lubis', 'Nelayan', 'Fitri Wibowo', 'Polri', '081140093582', 'Jl. Veteran No. 53, Malang'),
(179, '3573011079714491', 'e10adc3949ba59abbe56e057f20f883e', 'Lukman Nasution', 'Perawat', 'Kartika Ramadhan', 'Perawat', '081481265799', 'Jl. Veteran No. 79, Malang'),
(180, '3573014638526805', 'e10adc3949ba59abbe56e057f20f883e', 'Iwan Wijaya', 'Polri', 'Dian Gunawan', 'PNS', '081295507469', 'Jl. Sulfat No. 88, Malang'),
(181, '3573017617074003', 'e10adc3949ba59abbe56e057f20f883e', 'Iwan Gunawan', 'Pilot', 'Siti Hidayatullah', 'TNI', '081251426083', 'Jl. Galunggung No. 62, Malang'),
(182, '3573012844550625', 'e10adc3949ba59abbe56e057f20f883e', 'Dedi Firmansyah', 'Guru', 'Amalia Budiman', 'Petani', '081561840427', 'Jl. Kawi No. 28, Malang'),
(183, '3573019516585421', 'e10adc3949ba59abbe56e057f20f883e', 'Rian Nasution', 'Wiraswasta', 'Salma Nasution', 'PNS', '081904279707', 'Jl. Kawi No. 19, Malang'),
(184, '3573016001709993', 'e10adc3949ba59abbe56e057f20f883e', 'Agus Pohan', 'Nelayan', 'Aura Hidayatullah', 'Buruh', '081982598064', 'Jl. Sukarno Hatta No. 55, Malang'),
(185, '3573016148578235', 'e10adc3949ba59abbe56e057f20f883e', 'Aditya Ginting', 'Wiraswasta', 'Rina Siregar', 'Arsitek', '081915751236', 'Jl. Veteran No. 48, Malang'),
(186, '3573013903440664', 'e10adc3949ba59abbe56e057f20f883e', 'Ali Ramadhan', 'PNS', 'Mega Permana', 'Pilot', '081191816952', 'Jl. Arjosari No. 30, Malang'),
(187, '3573015958777921', 'e10adc3949ba59abbe56e057f20f883e', 'Eko Pohan', 'Wiraswasta', 'Ratna Siregar', 'Wiraswasta', '081341197096', 'Jl. Arjosari No. 71, Malang'),
(188, '3573013794840157', 'e10adc3949ba59abbe56e057f20f883e', 'Fajar Sutrisno', 'Buruh', 'Rini Ramadhan', 'Perawat', '081741345081', 'Jl. Sukarno Hatta No. 70, Malang'),
(189, '3573012037218761', 'e10adc3949ba59abbe56e057f20f883e', 'Ridwan Pane', 'Wiraswasta', 'Fatmawati Permana', 'Dosen', '081945099919', 'Jl. Veteran No. 97, Malang'),
(190, '3573015294460361', 'e10adc3949ba59abbe56e057f20f883e', 'Rizky Pane', 'Wiraswasta', 'Tri Wibowo', 'Guru', '081183337723', 'Jl. Oro-oro Dowo No. 69, Malang'),
(191, '3573019865002603', 'e10adc3949ba59abbe56e057f20f883e', 'Zaki Nasution', 'Satpam', 'Dian Nasution', 'Guru', '081233509000', 'Jl. Langsep No. 65, Malang'),
(192, '3573012420171441', 'e10adc3949ba59abbe56e057f20f883e', 'Ahmad Wijaya', 'Petani', 'Aisyah Wahyudi', 'Petani', '081532702741', 'Jl. Dinoyo No. 96, Malang'),
(193, '3573012449428394', 'e10adc3949ba59abbe56e057f20f883e', 'Dani Nugroho', 'Pedagang', 'Khadijah Nasution', 'Dosen', '081269422707', 'Jl. Veteran No. 82, Malang'),
(194, '3573016024377205', 'e10adc3949ba59abbe56e057f20f883e', 'Agus Purnomo', 'Supir', 'Widya Budiman', 'Pilot', '081183800538', 'Jl. Sawojajar No. 49, Malang'),
(195, '3573015589154367', 'e10adc3949ba59abbe56e057f20f883e', 'Agus Nasution', 'Polri', 'Amalia Purnomo', 'Karyawan Swasta', '081212955379', 'Jl. Blimbing No. 28, Malang'),
(196, '3573013060379945', 'e10adc3949ba59abbe56e057f20f883e', 'Andi Nugroho', 'Buruh', 'Eka Permana', 'Karyawan Swasta', '081221509881', 'Jl. Veteran No. 99, Malang'),
(197, '3573013411879450', 'e10adc3949ba59abbe56e057f20f883e', 'Joko Wibowo', 'Arsitek', 'Sri Setiawan', 'Dosen', '081634854657', 'Jl. Veteran No. 3, Malang'),
(198, '3573014396560056', 'e10adc3949ba59abbe56e057f20f883e', 'Budi Saputra', 'Perawat', 'Khadijah Permana', 'Wiraswasta', '081399529853', 'Jl. Ijen No. 21, Malang'),
(199, '3573013011172533', 'e10adc3949ba59abbe56e057f20f883e', 'Hadi Hidayatullah', 'Guru', 'Eka Permana', 'Supir', '081522572700', 'Jl. Sawojajar No. 96, Malang'),
(200, '3573017395677189', 'e10adc3949ba59abbe56e057f20f883e', 'Agus Sitorus', 'Petani', 'Indah Hidayatullah', 'Pedagang', '081433429877', 'Jl. Sukarno Hatta No. 58, Malang'),
(201, '3573012889238760', 'e10adc3949ba59abbe56e057f20f883e', 'Wawan Sitorus', 'Satpam', 'Eka Setiawan', 'PNS', '081782880621', 'Jl. Veteran No. 48, Malang'),
(202, '3573019578835089', 'e10adc3949ba59abbe56e057f20f883e', 'Lukman Nasution', 'Pedagang', 'Nur Setiawan', 'Satpam', '081895129662', 'Jl. Oro-oro Dowo No. 36, Malang'),
(203, '3573014163798651', 'e10adc3949ba59abbe56e057f20f883e', 'Prasetyo Ramadhan', 'TNI', 'Fitri Wijaya', 'Arsitek', '081636319871', 'Jl. Sulfat No. 61, Malang'),
(204, '3573019466980628', 'e10adc3949ba59abbe56e057f20f883e', 'Teguh Nasution', 'Pedagang', 'Ratna Siregar', 'Perawat', '081369504950', 'Jl. Ijen No. 73, Malang'),
(205, '3573012926608263', 'e10adc3949ba59abbe56e057f20f883e', 'Joko Pane', 'PNS', 'Hana Sutrisno', 'Dosen', '081350730084', 'Jl. Semeru No. 77, Malang'),
(206, '3573018326305422', 'e10adc3949ba59abbe56e057f20f883e', 'Zulkifli Firmansyah', 'Dokter', 'Amalia Susanto', 'Supir', '081163640052', 'Jl. Ijen No. 43, Malang'),
(207, '3573019696546262', 'e10adc3949ba59abbe56e057f20f883e', 'Rian Permana', 'Dokter', 'Indah Purnomo', 'PNS', '081999230053', 'Jl. Sawojajar No. 39, Malang'),
(208, '3573015741317679', 'e10adc3949ba59abbe56e057f20f883e', 'Guntur Sitorus', 'PNS', 'Dian Pane', 'Perawat', '081638684424', 'Jl. Semeru No. 72, Malang'),
(209, '3573014050452583', 'e10adc3949ba59abbe56e057f20f883e', 'Joko Sutrisno', 'Pedagang', 'Maya Siregar', 'Satpam', '081437223870', 'Jl. Galunggung No. 93, Malang'),
(210, '3573013149152551', 'e10adc3949ba59abbe56e057f20f883e', 'Umar Permana', 'PNS', 'Siti Wijaya', 'Arsitek', '081493605014', 'Jl. Veteran No. 63, Malang'),
(211, '3573011862255299', 'e10adc3949ba59abbe56e057f20f883e', 'Slamet Pratama', 'Dosen', 'Safira Hidayat', 'Pilot', '081683489033', 'Jl. Sawojajar No. 71, Malang'),
(212, '3573014019421563', 'e10adc3949ba59abbe56e057f20f883e', 'Hasan Purnomo', 'Supir', 'Aisyah Raharjo', 'Wiraswasta', '081337829296', 'Jl. Langsep No. 66, Malang'),
(213, '3573016517376722', 'e10adc3949ba59abbe56e057f20f883e', 'Budi Susanto', 'TNI', 'Lutfia Saputra', 'Nelayan', '081754432603', 'Jl. Blimbing No. 18, Malang'),
(214, '3573013179975024', 'e10adc3949ba59abbe56e057f20f883e', 'Teguh Lubis', 'Karyawan Swasta', 'Lestari Santoso', 'Buruh', '081656180271', 'Jl. Blimbing No. 73, Malang'),
(215, '3573016451968313', 'e10adc3949ba59abbe56e057f20f883e', 'Zulkifli Wahyudi', 'Wiraswasta', 'Putri Kusuma', 'Polri', '081113285512', 'Jl. Dinoyo No. 93, Malang'),
(216, '3573011156863228', 'e10adc3949ba59abbe56e057f20f883e', 'Fajar Nugroho', 'Supir', 'Maryam Hidayatullah', 'Buruh', '081965906623', 'Jl. Ijen No. 6, Malang'),
(217, '3573016206563553', 'e10adc3949ba59abbe56e057f20f883e', 'Zaki Hidayat', 'Karyawan Swasta', 'Wati Siregar', 'Satpam', '081998418573', 'Jl. Borobudur No. 46, Malang'),
(218, '3573016333788611', 'e10adc3949ba59abbe56e057f20f883e', 'Andi Nugroho', 'Dosen', 'Aisyah Hidayat', 'PNS', '081687603042', 'Jl. Kawi No. 91, Malang'),
(219, '3573011181931745', 'e10adc3949ba59abbe56e057f20f883e', 'Wahyu Ginting', 'Pedagang', 'Utami Hidayatullah', 'Pedagang', '081274142847', 'Jl. Semeru No. 19, Malang'),
(220, '3573011350481742', 'e10adc3949ba59abbe56e057f20f883e', 'Ali Pane', 'Petani', 'Nabila Raharjo', 'PNS', '081550973076', 'Jl. Ijen No. 84, Malang'),
(221, '3573019266706604', 'e10adc3949ba59abbe56e057f20f883e', 'Ali Purnomo', 'Arsitek', 'Yuliana Siregar', 'Arsitek', '081789729664', 'Jl. Arjosari No. 2, Malang'),
(222, '3573012992762090', 'e10adc3949ba59abbe56e057f20f883e', 'Syarif Setiawan', 'PNS', 'Keysha Wahyudi', 'Dosen', '081897580666', 'Jl. Semeru No. 39, Malang'),
(223, '3573013362364356', 'e10adc3949ba59abbe56e057f20f883e', 'Fauzan Hidayatullah', 'Guru', 'Fitri Hidayat', 'Dosen', '081340271914', 'Jl. Veteran No. 73, Malang'),
(224, '3573017924325974', 'e10adc3949ba59abbe56e057f20f883e', 'Hendra Pohan', 'Pilot', 'Maryam Permana', 'Perawat', '081198438952', 'Jl. Sulfat No. 41, Malang'),
(225, '3573015829060106', 'e10adc3949ba59abbe56e057f20f883e', 'Aditya Ginting', 'Buruh', 'Fatmawati Firmansyah', 'Polri', '081642148092', 'Jl. Galunggung No. 17, Malang'),
(226, '3573014595773243', 'e10adc3949ba59abbe56e057f20f883e', 'Rudi Purnomo', 'PNS', 'Siti Firmansyah', 'Pedagang', '081534877149', 'Jl. Sawojajar No. 13, Malang'),
(227, '3573018605978587', 'e10adc3949ba59abbe56e057f20f883e', 'Rudi Raharjo', 'Perawat', 'Salma Wibowo', 'Guru', '081958625545', 'Jl. Sawojajar No. 27, Malang'),
(228, '3573018845389948', 'e10adc3949ba59abbe56e057f20f883e', 'Budi Sitorus', 'Buruh', 'Putri Hidayatullah', 'Guru', '081297395204', 'Jl. Kawi No. 19, Malang'),
(229, '3573017174932669', 'e10adc3949ba59abbe56e057f20f883e', 'Andi Nasution', 'Supir', 'Lutfia Gunawan', 'Pedagang', '081638927132', 'Jl. Oro-oro Dowo No. 95, Malang'),
(230, '3573017946007588', 'e10adc3949ba59abbe56e057f20f883e', 'Sutrisno Wahyudi', 'Buruh', 'Keysha Nasution', 'Pedagang', '081327914092', 'Jl. Oro-oro Dowo No. 20, Malang'),
(231, '3573019848739639', 'e10adc3949ba59abbe56e057f20f883e', 'Rizky Setiawan', 'Guru', 'Khadijah Permana', 'TNI', '081297902937', 'Jl. Langsep No. 82, Malang'),
(232, '3573017947988759', 'e10adc3949ba59abbe56e057f20f883e', 'Iwan Purnomo', 'PNS', 'Wati Wijaya', 'Karyawan Swasta', '081237535689', 'Jl. Veteran No. 91, Malang'),
(233, '3573019816682852', 'e10adc3949ba59abbe56e057f20f883e', 'Umar Hidayat', 'Pedagang', 'Dewi Nugroho', 'Buruh', '081158327091', 'Jl. Langsep No. 47, Malang'),
(234, '3573011692065086', 'e10adc3949ba59abbe56e057f20f883e', 'Ali Pane', 'Karyawan Swasta', 'Aisyah Budiman', 'Pilot', '081636839633', 'Jl. Sulfat No. 51, Malang'),
(235, '3573016763979531', 'e10adc3949ba59abbe56e057f20f883e', 'Zulkifli Susanto', 'Supir', 'Kartika Raharjo', 'Guru', '081263155318', 'Jl. Langsep No. 1, Malang'),
(236, '3573014582402264', 'e10adc3949ba59abbe56e057f20f883e', 'Bayu Lubis', 'Guru', 'Aisyah Nasution', 'Buruh', '081140505320', 'Jl. Kawi No. 52, Malang'),
(237, '3573019532562051', 'e10adc3949ba59abbe56e057f20f883e', 'Prasetyo Susanto', 'Satpam', 'Fatmawati Purnomo', 'PNS', '081581531130', 'Jl. Galunggung No. 95, Malang'),
(238, '3573015274877893', 'e10adc3949ba59abbe56e057f20f883e', 'Guntur Budiman', 'Buruh', 'Tri Wibowo', 'Karyawan Swasta', '081243011456', 'Jl. Borobudur No. 19, Malang'),
(239, '3573011830115329', 'e10adc3949ba59abbe56e057f20f883e', 'Dani Budiman', 'Arsitek', 'Siti Wijaya', 'Guru', '081936187559', 'Jl. Kawi No. 30, Malang'),
(240, '3573014359230596', 'e10adc3949ba59abbe56e057f20f883e', 'Sutrisno Wijaya', 'PNS', 'Khadijah Permana', 'Karyawan Swasta', '081808723931', 'Jl. Dinoyo No. 55, Malang'),
(241, '3573018954416456', 'e10adc3949ba59abbe56e057f20f883e', 'Rudi Saputra', 'TNI', 'Ratna Nugroho', 'Petani', '081906661089', 'Jl. Veteran No. 14, Malang'),
(242, '3573011401764746', 'e10adc3949ba59abbe56e057f20f883e', 'Hendra Budiman', 'Arsitek', 'Lestari Wibowo', 'Polri', '081423123273', 'Jl. Langsep No. 50, Malang'),
(243, '3573014713703650', 'e10adc3949ba59abbe56e057f20f883e', 'Aditya Kusuma', 'Karyawan Swasta', 'Siska Siregar', 'Arsitek', '081952472061', 'Jl. Sawojajar No. 65, Malang'),
(244, '3573016563995183', 'e10adc3949ba59abbe56e057f20f883e', 'Fauzan Firmansyah', 'Supir', 'Nur Budiman', 'Dokter', '081971150734', 'Jl. Ijen No. 60, Malang'),
(245, '3573014575052308', 'e10adc3949ba59abbe56e057f20f883e', 'Hendra Firmansyah', 'Pedagang', 'Mega Pane', 'PNS', '081476943639', 'Jl. Dinoyo No. 30, Malang'),
(246, '3573019179848529', 'e10adc3949ba59abbe56e057f20f883e', 'Syarif Wijaya', 'Polri', 'Maya Gunawan', 'Perawat', '081127048680', 'Jl. Veteran No. 91, Malang'),
(247, '3573018891238924', 'e10adc3949ba59abbe56e057f20f883e', 'Indra Pane', 'Dokter', 'Sari Permana', 'Guru', '081952423845', 'Jl. Kawi No. 11, Malang'),
(248, '3573018108017764', 'e10adc3949ba59abbe56e057f20f883e', 'Surya Firmansyah', 'Polri', 'Nur Siregar', 'Nelayan', '081861541066', 'Jl. Oro-oro Dowo No. 80, Malang'),
(249, '3573018355992576', 'e10adc3949ba59abbe56e057f20f883e', 'Andi Purnomo', 'Buruh', 'Putri Wibowo', 'Arsitek', '081470128011', 'Jl. Blimbing No. 20, Malang'),
(250, '3573018609758497', 'e10adc3949ba59abbe56e057f20f883e', 'Teguh Siregar', 'Satpam', 'Aura Nugroho', 'Dokter', '081740378061', 'Jl. Galunggung No. 23, Malang'),
(251, '3573016847992036', 'e10adc3949ba59abbe56e057f20f883e', 'Syarif Nasution', 'Nelayan', 'Ani Sitorus', 'Satpam', '081160601978', 'Jl. Sawojajar No. 5, Malang'),
(252, '3573018241796855', 'e10adc3949ba59abbe56e057f20f883e', 'Umar Setiawan', 'Perawat', 'Sri Ginting', 'Wiraswasta', '081416087233', 'Jl. Sulfat No. 38, Malang'),
(253, '3573014521683255', 'e10adc3949ba59abbe56e057f20f883e', 'Umar Setiawan', 'Pilot', 'Putri Setiawan', 'Karyawan Swasta', '081760467217', 'Jl. Oro-oro Dowo No. 15, Malang'),
(254, '3573016563732089', 'e10adc3949ba59abbe56e057f20f883e', 'Lukman Saputra', 'Polri', 'Ani Nugroho', 'Buruh', '081975726196', 'Jl. Borobudur No. 32, Malang'),
(255, '3573016802915926', 'e10adc3949ba59abbe56e057f20f883e', 'Dedi Firmansyah', 'Polri', 'Rina Santoso', 'PNS', '081215481795', 'Jl. Veteran No. 40, Malang'),
(256, '3573014792733636', 'e10adc3949ba59abbe56e057f20f883e', 'Wawan Susanto', 'Petani', 'Amalia Budiman', 'PNS', '081702144949', 'Jl. Kawi No. 46, Malang'),
(257, '3573012266958990', 'e10adc3949ba59abbe56e057f20f883e', 'Budi Saputra', 'PNS', 'Fitri Wibowo', 'Buruh', '081492903663', 'Jl. Borobudur No. 54, Malang'),
(258, '3573013706654223', 'e10adc3949ba59abbe56e057f20f883e', 'Andi Nasution', 'Petani', 'Dian Sutrisno', 'Dosen', '081347577516', 'Jl. Veteran No. 18, Malang'),
(259, '3573015554527111', 'e10adc3949ba59abbe56e057f20f883e', 'Yanto Purnomo', 'Petani', 'Kartika Firmansyah', 'Dokter', '081916142639', 'Jl. Sawojajar No. 22, Malang'),
(260, '3573012779663826', 'e10adc3949ba59abbe56e057f20f883e', 'Rudi Firmansyah', 'Supir', 'Aisyah Hidayat', 'Supir', '081228465391', 'Jl. Borobudur No. 68, Malang'),
(261, '3573012991287192', 'e10adc3949ba59abbe56e057f20f883e', 'Dedi Wahyudi', 'PNS', 'Lutfia Santoso', 'Supir', '081165641777', 'Jl. Blimbing No. 100, Malang'),
(262, '3573016903655865', 'e10adc3949ba59abbe56e057f20f883e', 'Wahyu Budiman', 'Guru', 'Hana Firmansyah', 'Petani', '081819804702', 'Jl. Langsep No. 99, Malang'),
(263, '3573012868569044', 'e10adc3949ba59abbe56e057f20f883e', 'Yanto Hidayat', 'Guru', 'Ani Ginting', 'TNI', '081783847796', 'Jl. Blimbing No. 75, Malang'),
(264, '3573015925651611', 'e10adc3949ba59abbe56e057f20f883e', 'Prasetyo Permana', 'Supir', 'Lestari Siregar', 'Supir', '081185153617', 'Jl. Sulfat No. 24, Malang'),
(265, '3573017140594529', 'e10adc3949ba59abbe56e057f20f883e', 'Ahmad Lubis', 'Polri', 'Fitri Siregar', 'Pedagang', '081448662085', 'Jl. Langsep No. 15, Malang'),
(266, '3573013866997578', 'e10adc3949ba59abbe56e057f20f883e', 'Wawan Hidayatullah', 'Pilot', 'Siti Kusuma', 'Arsitek', '081613455701', 'Jl. Sawojajar No. 10, Malang'),
(267, '3573015756699137', 'e10adc3949ba59abbe56e057f20f883e', 'Joko Kusuma', 'TNI', 'Linda Hidayatullah', 'Satpam', '081303895606', 'Jl. Blimbing No. 13, Malang'),
(268, '3573011605901950', 'e10adc3949ba59abbe56e057f20f883e', 'Lukman Wahyudi', 'Perawat', 'Dewi Pohan', 'Supir', '081554271897', 'Jl. Oro-oro Dowo No. 19, Malang'),
(269, '3573011194605123', 'e10adc3949ba59abbe56e057f20f883e', 'Guntur Wahyudi', 'Perawat', 'Rina Setiawan', 'TNI', '081548108423', 'Jl. Blimbing No. 18, Malang'),
(270, '3573015718200547', 'e10adc3949ba59abbe56e057f20f883e', 'Wawan Permana', 'Karyawan Swasta', 'Lestari Sitorus', 'Satpam', '081494370462', 'Jl. Sulfat No. 20, Malang'),
(271, '3573014984208720', 'e10adc3949ba59abbe56e057f20f883e', 'Lukman Lubis', 'Petani', 'Nabila Ginting', 'Perawat', '081793859016', 'Jl. Veteran No. 92, Malang'),
(272, '3573011174500631', 'e10adc3949ba59abbe56e057f20f883e', 'Dani Pane', 'Dosen', 'Nur Purnomo', 'Petani', '081147754272', 'Jl. Semeru No. 7, Malang'),
(273, '3573011116782018', 'e10adc3949ba59abbe56e057f20f883e', 'Wawan Sutrisno', 'Pilot', 'Ratna Wibowo', 'TNI', '081307140740', 'Jl. Sukarno Hatta No. 27, Malang'),
(274, '3573013823709998', 'e10adc3949ba59abbe56e057f20f883e', 'Agus Ginting', 'Guru', 'Dian Wibowo', 'TNI', '081421882191', 'Jl. Langsep No. 97, Malang'),
(275, '3573018457428394', 'e10adc3949ba59abbe56e057f20f883e', 'Prasetyo Hidayatullah', 'Karyawan Swasta', 'Eka Siregar', 'Buruh', '081258463494', 'Jl. Borobudur No. 47, Malang'),
(276, '3573018706918822', 'e10adc3949ba59abbe56e057f20f883e', 'Bayu Ramadhan', 'TNI', 'Lestari Purnomo', 'Arsitek', '081244818343', 'Jl. Langsep No. 47, Malang'),
(277, '3573019226830188', 'e10adc3949ba59abbe56e057f20f883e', 'Eko Kusuma', 'Wiraswasta', 'Fatmawati Permana', 'Petani', '081233205613', 'Jl. Langsep No. 7, Malang'),
(278, '3573011879970063', 'e10adc3949ba59abbe56e057f20f883e', 'Husain Pratama', 'Pilot', 'Widya Pane', 'Buruh', '081417382713', 'Jl. Borobudur No. 13, Malang'),
(279, '3573018173954408', 'e10adc3949ba59abbe56e057f20f883e', 'Aris Santoso', 'Supir', 'Linda Hidayat', 'Pilot', '081300256982', 'Jl. Arjosari No. 46, Malang'),
(280, '3573014889522841', 'e10adc3949ba59abbe56e057f20f883e', 'Agus Gunawan', 'Buruh', 'Putri Nugroho', 'Satpam', '081389700416', 'Jl. Borobudur No. 57, Malang'),
(281, '3573019393004980', 'e10adc3949ba59abbe56e057f20f883e', 'Sutrisno Hidayatullah', 'PNS', 'Wati Siregar', 'TNI', '081245922086', 'Jl. Ijen No. 93, Malang'),
(282, '3573018687359644', 'e10adc3949ba59abbe56e057f20f883e', 'Yanto Firmansyah', 'Dosen', 'Lutfia Purnomo', 'Guru', '081218714452', 'Jl. Semeru No. 31, Malang'),
(283, '3573012013521240', 'e10adc3949ba59abbe56e057f20f883e', 'Umar Nugroho', 'Buruh', 'Rina Ramadhan', 'TNI', '081826799726', 'Jl. Arjosari No. 74, Malang'),
(284, '3573013305443981', 'e10adc3949ba59abbe56e057f20f883e', 'Fauzan Nugroho', 'TNI', 'Sari Lubis', 'Buruh', '081114907713', 'Jl. Sukarno Hatta No. 19, Malang'),
(285, '3573014504495434', 'e10adc3949ba59abbe56e057f20f883e', 'Ridwan Setiawan', 'Wiraswasta', 'Maryam Raharjo', 'Guru', '081564195059', 'Jl. Kawi No. 67, Malang'),
(286, '3573019456252162', 'e10adc3949ba59abbe56e057f20f883e', 'Husain Siregar', 'Petani', 'Maryam Sitorus', 'Buruh', '081240350331', 'Jl. Arjosari No. 12, Malang'),
(287, '3573013944201745', 'e10adc3949ba59abbe56e057f20f883e', 'Fajar Hidayat', 'Arsitek', 'Rini Raharjo', 'Buruh', '081527776748', 'Jl. Galunggung No. 40, Malang'),
(288, '3573019781275616', 'e10adc3949ba59abbe56e057f20f883e', 'Agus Sitorus', 'Guru', 'Utami Setiawan', 'Supir', '081602334476', 'Jl. Galunggung No. 76, Malang'),
(289, '3573012381150267', 'e10adc3949ba59abbe56e057f20f883e', 'Iwan Saputra', 'Nelayan', 'Rini Ramadhan', 'Pilot', '081303168048', 'Jl. Borobudur No. 83, Malang'),
(290, '3573012178502604', 'e10adc3949ba59abbe56e057f20f883e', 'Wahyu Santoso', 'Guru', 'Indah Setiawan', 'Wiraswasta', '081847442054', 'Jl. Sulfat No. 51, Malang'),
(291, '3573016815760821', 'e10adc3949ba59abbe56e057f20f883e', 'Syarif Raharjo', 'Arsitek', 'Dian Siregar', 'Petani', '081159108267', 'Jl. Borobudur No. 78, Malang'),
(292, '3573014189902432', 'e10adc3949ba59abbe56e057f20f883e', 'Fauzan Sutrisno', 'Wiraswasta', 'Salma Gunawan', 'Pedagang', '081709160350', 'Jl. Kawi No. 36, Malang'),
(293, '3573011586033751', 'e10adc3949ba59abbe56e057f20f883e', 'Rizky Firmansyah', 'PNS', 'Sri Purnomo', 'Supir', '081866590687', 'Jl. Dinoyo No. 37, Malang'),
(294, '3573014912293557', 'e10adc3949ba59abbe56e057f20f883e', 'Fajar Hidayatullah', 'Supir', 'Linda Raharjo', 'Pilot', '081703362042', 'Jl. Kawi No. 79, Malang'),
(295, '3573017469562322', 'e10adc3949ba59abbe56e057f20f883e', 'Husain Hidayat', 'Nelayan', 'Widya Setiawan', 'Perawat', '081766205966', 'Jl. Borobudur No. 17, Malang'),
(296, '3573013076637084', 'e10adc3949ba59abbe56e057f20f883e', 'Andi Pohan', 'Arsitek', 'Lestari Saputra', 'Supir', '081183685168', 'Jl. Langsep No. 51, Malang'),
(297, '3573017470798345', 'e10adc3949ba59abbe56e057f20f883e', 'Zulkifli Nasution', 'Petani', 'Dewi Setiawan', 'Buruh', '081956690102', 'Jl. Sulfat No. 64, Malang'),
(298, '3573013642122074', 'e10adc3949ba59abbe56e057f20f883e', 'Indra Siregar', 'Buruh', 'Khadijah Nugroho', 'Dokter', '081290983131', 'Jl. Kawi No. 18, Malang'),
(299, '3573015805200076', 'e10adc3949ba59abbe56e057f20f883e', 'Lukman Ginting', 'TNI', 'Mega Sutrisno', 'Dokter', '081707192586', 'Jl. Sukarno Hatta No. 10, Malang'),
(300, '3573019265008357', 'e10adc3949ba59abbe56e057f20f883e', 'Dedi Purnomo', 'Dokter', 'Rina Saputra', 'Pilot', '081446087539', 'Jl. Arjosari No. 54, Malang'),
(301, '3573012669600599', 'e10adc3949ba59abbe56e057f20f883e', 'Rian Gunawan', 'Satpam', 'Sari Nasution', 'Buruh', '081581884910', 'Jl. Oro-oro Dowo No. 72, Malang'),
(302, '3573014446084678', 'e10adc3949ba59abbe56e057f20f883e', 'Husain Hidayatullah', 'Nelayan', 'Rini Susanto', 'Guru', '081837513395', 'Jl. Semeru No. 13, Malang'),
(303, '3573012615295594', 'e10adc3949ba59abbe56e057f20f883e', 'Aris Firmansyah', 'Petani', 'Khadijah Nasution', 'Buruh', '081760581702', 'Jl. Dinoyo No. 76, Malang'),
(304, '3573011450302430', 'e10adc3949ba59abbe56e057f20f883e', 'Hamzah Hidayat', 'Buruh', 'Eka Wijaya', 'Arsitek', '081909551820', 'Jl. Sawojajar No. 27, Malang'),
(305, '3573019384583784', 'e10adc3949ba59abbe56e057f20f883e', 'Umar Sutrisno', 'Satpam', 'Dewi Siregar', 'Dokter', '081946966938', 'Jl. Blimbing No. 72, Malang'),
(306, '3573018595088216', 'e10adc3949ba59abbe56e057f20f883e', 'Syarif Ramadhan', 'Dosen', 'Widya Sitorus', 'Polri', '081145099033', 'Jl. Oro-oro Dowo No. 26, Malang'),
(307, '3573017230221007', 'e10adc3949ba59abbe56e057f20f883e', 'Sutrisno Gunawan', 'Satpam', 'Wati Setiawan', 'Supir', '081884343789', 'Jl. Sukarno Hatta No. 33, Malang'),
(308, '3573011343031575', 'e10adc3949ba59abbe56e057f20f883e', 'Hadi Ginting', 'Pilot', 'Hana Saputra', 'Arsitek', '081274232041', 'Jl. Sukarno Hatta No. 99, Malang'),
(309, '3573015380728480', 'e10adc3949ba59abbe56e057f20f883e', 'Yanto Permana', 'Petani', 'Utami Nasution', 'Arsitek', '081288305001', 'Jl. Langsep No. 81, Malang'),
(310, '3573018038214454', 'e10adc3949ba59abbe56e057f20f883e', 'Fajar Kusuma', 'Petani', 'Widya Permana', 'Buruh', '081346391218', 'Jl. Oro-oro Dowo No. 38, Malang'),
(311, '3573014200164124', 'e10adc3949ba59abbe56e057f20f883e', 'Teguh Wahyudi', 'PNS', 'Khadijah Siregar', 'Karyawan Swasta', '081190072483', 'Jl. Oro-oro Dowo No. 70, Malang'),
(312, '3573014978989918', 'e10adc3949ba59abbe56e057f20f883e', 'Fauzan Permana', 'Dosen', 'Khadijah Ginting', 'Polri', '081164660749', 'Jl. Sukarno Hatta No. 65, Malang'),
(313, '3573011836212136', 'e10adc3949ba59abbe56e057f20f883e', 'Hasan Santoso', 'Guru', 'Indah Raharjo', 'Supir', '081225876286', 'Jl. Arjosari No. 30, Malang'),
(314, '3573013007408005', 'e10adc3949ba59abbe56e057f20f883e', 'Aditya Pohan', 'Petani', 'Widya Ginting', 'Pedagang', '081727631962', 'Jl. Kawi No. 19, Malang'),
(315, '3573018372510297', 'e10adc3949ba59abbe56e057f20f883e', 'Sutrisno Susanto', 'TNI', 'Aura Wahyudi', 'Dokter', '081310043196', 'Jl. Sukarno Hatta No. 13, Malang'),
(316, '3573013851556644', 'e10adc3949ba59abbe56e057f20f883e', 'Rizky Ramadhan', 'Pedagang', 'Linda Hidayatullah', 'Pedagang', '081731226686', 'Jl. Blimbing No. 83, Malang'),
(317, '3573018461407420', 'e10adc3949ba59abbe56e057f20f883e', 'Bayu Pratama', 'Dokter', 'Putri Siregar', 'TNI', '081464934648', 'Jl. Kawi No. 24, Malang'),
(318, '3573017708198820', 'e10adc3949ba59abbe56e057f20f883e', 'Zulkifli Raharjo', 'Dokter', 'Rina Santoso', 'Pedagang', '081538739239', 'Jl. Galunggung No. 22, Malang'),
(319, '3573011075509066', 'e10adc3949ba59abbe56e057f20f883e', 'Eko Sitorus', 'Guru', 'Zahra Budiman', 'PNS', '081793384358', 'Jl. Blimbing No. 60, Malang'),
(320, '3573013336306277', 'e10adc3949ba59abbe56e057f20f883e', 'Lukman Ginting', 'Nelayan', 'Putri Hidayatullah', 'Buruh', '081520178335', 'Jl. Ijen No. 83, Malang'),
(321, '3573016130898310', 'e10adc3949ba59abbe56e057f20f883e', 'Aris Sutrisno', 'Petani', 'Yuliana Purnomo', 'Pedagang', '081857265369', 'Jl. Semeru No. 24, Malang'),
(322, '3573019859902620', 'e10adc3949ba59abbe56e057f20f883e', 'Aditya Wahyudi', 'Perawat', 'Linda Raharjo', 'Nelayan', '081580693405', 'Jl. Semeru No. 86, Malang'),
(323, '3573015050742050', 'e10adc3949ba59abbe56e057f20f883e', 'Yahya Kusuma', 'Petani', 'Maya Nasution', 'Guru', '081173691831', 'Jl. Arjosari No. 58, Malang'),
(324, '3573016035897508', 'e10adc3949ba59abbe56e057f20f883e', 'Hasan Setiawan', 'Buruh', 'Eka Sitorus', 'Arsitek', '081901402880', 'Jl. Borobudur No. 47, Malang'),
(325, '3573019437432765', 'e10adc3949ba59abbe56e057f20f883e', 'Fauzan Saputra', 'Buruh', 'Linda Kusuma', 'TNI', '081497875662', 'Jl. Arjosari No. 82, Malang'),
(326, '3573016844766814', 'e10adc3949ba59abbe56e057f20f883e', 'Hendra Gunawan', 'Dokter', 'Khadijah Firmansyah', 'TNI', '081723364443', 'Jl. Arjosari No. 79, Malang'),
(327, '3573017583175301', 'e10adc3949ba59abbe56e057f20f883e', 'Ahmad Purnomo', 'Buruh', 'Yuliana Wijaya', 'Satpam', '081698754582', 'Jl. Veteran No. 41, Malang'),
(328, '3573014874007416', 'e10adc3949ba59abbe56e057f20f883e', 'Sutrisno Wibowo', 'Perawat', 'Ratna Pratama', 'Guru', '081152184434', 'Jl. Sulfat No. 98, Malang'),
(329, '3573016935334424', 'e10adc3949ba59abbe56e057f20f883e', 'Guntur Setiawan', 'Supir', 'Nabila Gunawan', 'Dosen', '081112934835', 'Jl. Sulfat No. 28, Malang'),
(330, '3573018801766459', 'e10adc3949ba59abbe56e057f20f883e', 'Bambang Gunawan', 'Polri', 'Yuliana Saputra', 'Satpam', '081485923623', 'Jl. Ijen No. 87, Malang'),
(331, '3573014641351126', 'e10adc3949ba59abbe56e057f20f883e', 'Rizky Permana', 'TNI', 'Nabila Pane', 'Satpam', '081169557448', 'Jl. Sawojajar No. 45, Malang'),
(332, '3573016440742055', 'e10adc3949ba59abbe56e057f20f883e', 'Dani Saputra', 'Petani', 'Dian Pratama', 'PNS', '081496737303', 'Jl. Ijen No. 91, Malang'),
(333, '3573012426444398', 'e10adc3949ba59abbe56e057f20f883e', 'Prasetyo Ramadhan', 'Supir', 'Putri Lubis', 'Polri', '081213001257', 'Jl. Oro-oro Dowo No. 4, Malang'),
(334, '3573017776341841', 'e10adc3949ba59abbe56e057f20f883e', 'Wawan Wahyudi', 'Satpam', 'Nabila Ginting', 'Arsitek', '081724826750', 'Jl. Borobudur No. 73, Malang'),
(335, '3573019161130910', 'e10adc3949ba59abbe56e057f20f883e', 'Umar Susanto', 'Supir', 'Safira Wibowo', 'Dokter', '081577183160', 'Jl. Galunggung No. 26, Malang'),
(336, '3573013092685888', 'e10adc3949ba59abbe56e057f20f883e', 'Teguh Sutrisno', 'Dosen', 'Aisyah Wahyudi', 'Perawat', '081974746223', 'Jl. Arjosari No. 95, Malang'),
(337, '3573012959206291', 'e10adc3949ba59abbe56e057f20f883e', 'Hasan Pohan', 'TNI', 'Siska Ramadhan', 'Buruh', '081335029984', 'Jl. Borobudur No. 53, Malang'),
(338, '3573017658563403', 'e10adc3949ba59abbe56e057f20f883e', 'Aditya Sitorus', 'Supir', 'Keysha Sitorus', 'Dokter', '081721482354', 'Jl. Arjosari No. 64, Malang'),
(339, '3573014936052756', 'e10adc3949ba59abbe56e057f20f883e', 'Fauzan Kusuma', 'Satpam', 'Fitri Kusuma', 'Guru', '081474560750', 'Jl. Sulfat No. 85, Malang'),
(340, '3573014805844410', 'e10adc3949ba59abbe56e057f20f883e', 'Bambang Wijaya', 'Arsitek', 'Nabila Sitorus', 'Wiraswasta', '081274530630', 'Jl. Arjosari No. 76, Malang'),
(341, '3573016386288810', 'e10adc3949ba59abbe56e057f20f883e', 'Teguh Lubis', 'Dosen', 'Khadijah Nasution', 'Wiraswasta', '081456111544', 'Jl. Ijen No. 73, Malang'),
(342, '3573019671621443', 'e10adc3949ba59abbe56e057f20f883e', 'Lukman Purnomo', 'Wiraswasta', 'Amalia Saputra', 'Karyawan Swasta', '081162975514', 'Jl. Veteran No. 3, Malang'),
(343, '3573018032295265', 'e10adc3949ba59abbe56e057f20f883e', 'Yahya Ginting', 'Arsitek', 'Eka Wahyudi', 'Pedagang', '081684399618', 'Jl. Oro-oro Dowo No. 53, Malang'),
(344, '3573011106161056', 'e10adc3949ba59abbe56e057f20f883e', 'Yanto Sutrisno', 'Dosen', 'Sri Santoso', 'Petani', '081744431256', 'Jl. Langsep No. 33, Malang'),
(345, '3573013215280124', 'e10adc3949ba59abbe56e057f20f883e', 'Joko Hidayatullah', 'Supir', 'Salma Nasution', 'Supir', '081657392676', 'Jl. Sulfat No. 33, Malang'),
(346, '3573014092737243', 'e10adc3949ba59abbe56e057f20f883e', 'Syarif Wibowo', 'Satpam', 'Dian Saputra', 'Karyawan Swasta', '081380371957', 'Jl. Galunggung No. 6, Malang'),
(347, '3573011983479791', 'e10adc3949ba59abbe56e057f20f883e', 'Wawan Ginting', 'Supir', 'Mega Sitorus', 'Supir', '081863683024', 'Jl. Kawi No. 39, Malang'),
(348, '3573015421500745', 'e10adc3949ba59abbe56e057f20f883e', 'Ahmad Wahyudi', 'Wiraswasta', 'Amalia Budiman', 'Satpam', '081377861580', 'Jl. Borobudur No. 67, Malang'),
(349, '3573012730707088', 'e10adc3949ba59abbe56e057f20f883e', 'Eko Sitorus', 'Arsitek', 'Indah Susanto', 'Wiraswasta', '081353449071', 'Jl. Blimbing No. 35, Malang'),
(350, '3573019886536824', 'e10adc3949ba59abbe56e057f20f883e', 'Fauzan Sutrisno', 'PNS', 'Lestari Sutrisno', 'Nelayan', '081945039917', 'Jl. Langsep No. 56, Malang');

-- FASE: tb_siswa
INSERT INTO tb_siswa (no_induk, nama_siswa, jenis_kelamin, kota, tanggal_lahir, alamat, nama_ayah, pekerjaan_ayah, nama_ibu, pekerjaan_ibu, no_hp_ortu, id_ortu, status_aktif) VALUES
('00812345001', 'Khadijah Pohan', 'P', 'Malang', '2011-07-16', 'Jl. Galunggung No. 62, Malang', 'Iwan Gunawan', 'Pilot', 'Siti Hidayatullah', 'TNI', '081251426083', 181, 'Lulus'),
('00812345002', 'Joko Kusuma', 'L', 'Malang', '2012-05-24', 'Jl. Langsep No. 67, Malang', 'Eko Budiman', 'Karyawan Swasta', 'Siska Santoso', 'Polri', '081319067608', 125, 'Lulus'),
('00812345003', 'Hendra Pratama', 'L', 'Malang', '2013-11-08', 'Jl. Sawojajar No. 96, Malang', 'Hadi Hidayatullah', 'Guru', 'Eka Permana', 'Supir', '081522572700', 199, 'Lulus'),
('00812345004', 'Tri Santoso', 'P', 'Malang', '2014-07-23', 'Jl. Veteran No. 91, Malang', 'Iwan Purnomo', 'PNS', 'Wati Wijaya', 'Karyawan Swasta', '081237535689', 232, 'Lulus'),
('00812345005', 'Umar Wahyudi', 'L', 'Malang', '2014-04-11', 'Jl. Sulfat No. 98, Malang', 'Fauzan Raharjo', 'Pilot', 'Aura Santoso', 'Buruh', '081104445978', 136, 'Lulus'),
('00812345006', 'Kartika Raharjo', 'P', 'Malang', '2013-07-18', 'Jl. Borobudur No. 57, Malang', 'Agus Gunawan', 'Buruh', 'Putri Nugroho', 'Satpam', '081389700416', 280, 'Lulus'),
('00812345007', 'Bayu Santoso', 'L', 'Malang', '2011-12-26', 'Jl. Oro-oro Dowo No. 20, Malang', 'Sutrisno Wahyudi', 'Buruh', 'Keysha Nasution', 'Pedagang', '081327914092', 230, 'Lulus'),
('00812345008', 'Hana Pane', 'P', 'Malang', '2014-12-04', 'Jl. Blimbing No. 100, Malang', 'Dedi Wahyudi', 'PNS', 'Lutfia Santoso', 'Supir', '081165641777', 261, 'Lulus'),
('00812345009', 'Taufik Saputra', 'L', 'Malang', '2010-07-22', 'Jl. Kawi No. 46, Malang', 'Wawan Susanto', 'Petani', 'Amalia Budiman', 'PNS', '081702144949', 256, 'Lulus'),
('00812345010', 'Yahya Budiman', 'L', 'Malang', '2013-08-21', 'Jl. Sulfat No. 98, Malang', 'Fauzan Raharjo', 'Pilot', 'Aura Santoso', 'Buruh', '081104445978', 136, 'Lulus'),
('00812345011', 'Putri Ramadhan', 'P', 'Malang', '2014-04-02', 'Jl. Borobudur No. 44, Malang', 'Guntur Nasution', 'Pedagang', 'Salma Purnomo', 'Dokter', '081702715258', 103, 'Lulus'),
('00812345012', 'Widya Pohan', 'P', 'Malang', '2013-04-16', 'Jl. Ijen No. 85, Malang', 'Ali Sitorus', 'Dokter', 'Dian Pratama', 'PNS', '081706666758', 127, 'Lulus'),
('00812345013', 'Widya Permana', 'P', 'Malang', '2012-01-22', 'Jl. Sukarno Hatta No. 27, Malang', 'Wawan Sutrisno', 'Pilot', 'Ratna Wibowo', 'TNI', '081307140740', 273, 'Lulus'),
('00812345014', 'Hamzah Kusuma', 'L', 'Malang', '2011-07-17', 'Jl. Kawi No. 79, Malang', 'Fajar Hidayatullah', 'Supir', 'Linda Raharjo', 'Pilot', '081703362042', 294, 'Lulus'),
('00812345015', 'Hana Nugroho', 'P', 'Malang', '2013-11-20', 'Jl. Veteran No. 91, Malang', 'Syarif Wijaya', 'Polri', 'Maya Gunawan', 'Perawat', '081127048680', 246, 'Lulus'),
('00812345016', 'Widya Nugroho', 'P', 'Malang', '2012-08-19', 'Jl. Oro-oro Dowo No. 20, Malang', 'Sutrisno Wahyudi', 'Buruh', 'Keysha Nasution', 'Pedagang', '081327914092', 230, 'Lulus'),
('00812345017', 'Fitri Sutrisno', 'P', 'Malang', '2014-04-13', 'Jl. Semeru No. 13, Malang', 'Husain Hidayatullah', 'Nelayan', 'Rini Susanto', 'Guru', '081837513395', 302, 'Lulus'),
('00812345018', 'Indah Pratama', 'P', 'Malang', '2014-02-22', 'Jl. Oro-oro Dowo No. 80, Malang', 'Surya Firmansyah', 'Polri', 'Nur Siregar', 'Nelayan', '081861541066', 248, 'Lulus'),
('00812345019', 'Aura Wibowo', 'P', 'Malang', '2014-11-22', 'Jl. Sulfat No. 20, Malang', 'Wawan Permana', 'Karyawan Swasta', 'Lestari Sitorus', 'Satpam', '081494370462', 270, 'Lulus'),
('00812345020', 'Lestari Wahyudi', 'P', 'Malang', '2011-01-26', 'Jl. Langsep No. 7, Malang', 'Eko Kusuma', 'Wiraswasta', 'Fatmawati Permana', 'Petani', '081233205613', 277, 'Lulus'),
('00812345021', 'Prasetyo Sutrisno', 'L', 'Malang', '2013-09-15', 'Jl. Sulfat No. 39, Malang', 'Ahmad Ramadhan', 'Dokter', 'Tri Raharjo', 'PNS', '081990878482', 166, 'Lulus'),
('00812345022', 'Siti Firmansyah', 'P', 'Malang', '2011-05-08', 'Jl. Arjosari No. 2, Malang', 'Ali Purnomo', 'Arsitek', 'Yuliana Siregar', 'Arsitek', '081789729664', 221, 'Lulus'),
('00812345023', 'Zulkifli Pratama', 'L', 'Malang', '2011-01-22', 'Jl. Semeru No. 19, Malang', 'Wahyu Ginting', 'Pedagang', 'Utami Hidayatullah', 'Pedagang', '081274142847', 219, 'Lulus'),
('00812345024', 'Maya Nugroho', 'P', 'Malang', '2012-02-28', 'Jl. Blimbing No. 73, Malang', 'Teguh Lubis', 'Karyawan Swasta', 'Lestari Santoso', 'Buruh', '081656180271', 214, 'Lulus'),
('00812345025', 'Utami Wijaya', 'P', 'Malang', '2011-01-22', 'Jl. Arjosari No. 54, Malang', 'Dedi Purnomo', 'Dokter', 'Rina Saputra', 'Pilot', '081446087539', 300, 'Lulus'),
('00812345026', 'Dewi Firmansyah', 'P', 'Malang', '2012-03-07', 'Jl. Sawojajar No. 27, Malang', 'Rudi Raharjo', 'Perawat', 'Salma Wibowo', 'Guru', '081958625545', 227, 'Lulus'),
('00812345027', 'Lestari Santoso', 'P', 'Malang', '2011-04-25', 'Jl. Sawojajar No. 39, Malang', 'Rian Permana', 'Dokter', 'Indah Purnomo', 'PNS', '081999230053', 207, 'Keluar'),
('00812345028', 'Nabila Budiman', 'P', 'Malang', '2013-06-21', 'Jl. Ijen No. 76, Malang', 'Hendra Firmansyah', 'Polri', 'Keysha Budiman', 'Supir', '081665602295', 170, 'Lulus'),
('00812345029', 'Yahya Purnomo', 'L', 'Malang', '2011-08-09', 'Jl. Borobudur No. 53, Malang', 'Hasan Pohan', 'TNI', 'Siska Ramadhan', 'Buruh', '081335029984', 337, 'Lulus'),
('00812345030', 'Lutfia Setiawan', 'P', 'Malang', '2012-10-12', 'Jl. Langsep No. 47, Malang', 'Bayu Ramadhan', 'TNI', 'Lestari Purnomo', 'Arsitek', '081244818343', 276, 'Lulus'),
('00812345031', 'Dani Ramadhan', 'L', 'Malang', '2010-12-27', 'Jl. Borobudur No. 46, Malang', 'Zaki Hidayat', 'Karyawan Swasta', 'Wati Siregar', 'Satpam', '081998418573', 217, 'Lulus'),
('00812345032', 'Joko Raharjo', 'L', 'Malang', '2011-03-06', 'Jl. Kawi No. 39, Malang', 'Wawan Ginting', 'Supir', 'Mega Sitorus', 'Supir', '081863683024', 347, 'Lulus'),
('00812345033', 'Dimas Permana', 'L', 'Malang', '2013-05-07', 'Jl. Langsep No. 67, Malang', 'Eko Budiman', 'Karyawan Swasta', 'Siska Santoso', 'Polri', '081319067608', 125, 'Lulus'),
('00812345034', 'Linda Santoso', 'P', 'Malang', '2010-09-28', 'Jl. Oro-oro Dowo No. 53, Malang', 'Yahya Ginting', 'Arsitek', 'Eka Wahyudi', 'Pedagang', '081684399618', 343, 'Lulus'),
('00812345035', 'Rian Firmansyah', 'L', 'Malang', '2014-06-18', 'Jl. Semeru No. 38, Malang', 'Fauzan Gunawan', 'Perawat', 'Rina Ginting', 'Guru', '081158350212', 102, 'Lulus'),
('00812345036', 'Dedi Ginting', 'L', 'Malang', '2014-05-13', 'Jl. Sulfat No. 61, Malang', 'Prasetyo Ramadhan', 'TNI', 'Fitri Wijaya', 'Arsitek', '081636319871', 203, 'Lulus'),
('00812345037', 'Aditya Firmansyah', 'L', 'Malang', '2014-03-19', 'Jl. Borobudur No. 67, Malang', 'Ahmad Wahyudi', 'Wiraswasta', 'Amalia Budiman', 'Satpam', '081377861580', 348, 'Lulus'),
('00812345038', 'Putri Ramadhan', 'P', 'Malang', '2011-10-11', 'Jl. Veteran No. 9, Malang', 'Rizky Budiman', 'PNS', 'Fitri Susanto', 'Buruh', '081178842047', 172, 'Lulus'),
('00812345039', 'Husain Gunawan', 'L', 'Malang', '2013-09-06', 'Jl. Veteran No. 41, Malang', 'Ahmad Purnomo', 'Buruh', 'Yuliana Wijaya', 'Satpam', '081698754582', 327, 'Lulus'),
('00812345040', 'Taufik Kusuma', 'L', 'Malang', '2011-09-21', 'Jl. Arjosari No. 79, Malang', 'Hendra Gunawan', 'Dokter', 'Khadijah Firmansyah', 'TNI', '081723364443', 326, 'Lulus'),
('00812345041', 'Ali Wijaya', 'L', 'Malang', '2014-09-14', 'Jl. Sawojajar No. 96, Malang', 'Hadi Hidayatullah', 'Guru', 'Eka Permana', 'Supir', '081522572700', 199, 'Lulus'),
('00812345042', 'Fajar Purnomo', 'L', 'Malang', '2011-04-26', 'Jl. Arjosari No. 54, Malang', 'Dedi Purnomo', 'Dokter', 'Rina Saputra', 'Pilot', '081446087539', 300, 'Lulus'),
('00812345043', 'Surya Lubis', 'L', 'Malang', '2012-11-21', 'Jl. Sulfat No. 24, Malang', 'Prasetyo Permana', 'Supir', 'Lestari Siregar', 'Supir', '081185153617', 264, 'Lulus'),
('00812345044', 'Dani Ginting', 'L', 'Malang', '2011-03-14', 'Jl. Kawi No. 19, Malang', 'Aditya Pohan', 'Petani', 'Widya Ginting', 'Pedagang', '081727631962', 314, 'Lulus'),
('00812345045', 'Dewi Wahyudi', 'P', 'Malang', '2011-09-10', 'Jl. Blimbing No. 75, Malang', 'Yanto Hidayat', 'Guru', 'Ani Ginting', 'TNI', '081783847796', 263, 'Lulus'),
('00812345046', 'Prasetyo Wibowo', 'L', 'Malang', '2010-04-23', 'Jl. Blimbing No. 100, Malang', 'Dedi Wahyudi', 'PNS', 'Lutfia Santoso', 'Supir', '081165641777', 261, 'Lulus'),
('00812345047', 'Siska Nasution', 'P', 'Malang', '2010-04-07', 'Jl. Blimbing No. 35, Malang', 'Eko Sitorus', 'Arsitek', 'Indah Susanto', 'Wiraswasta', '081353449071', 349, 'Lulus'),
('00812345048', 'Siska Susanto', 'P', 'Malang', '2012-10-12', 'Jl. Dinoyo No. 37, Malang', 'Rizky Firmansyah', 'PNS', 'Sri Purnomo', 'Supir', '081866590687', 293, 'Lulus'),
('00812345049', 'Ani Hidayatullah', 'P', 'Malang', '2010-05-27', 'Jl. Arjosari No. 48, Malang', 'Eko Nugroho', 'Pedagang', 'Siti Wibowo', 'Nelayan', '081530278403', 118, 'Lulus'),
('00812345050', 'Aditya Nasution', 'L', 'Malang', '2012-02-18', 'Jl. Sukarno Hatta No. 70, Malang', 'Fajar Sutrisno', 'Buruh', 'Rini Ramadhan', 'Perawat', '081741345081', 188, 'Dikeluarkan'),
('00812345051', 'Eko Permana', 'L', 'Malang', '2010-02-16', 'Jl. Sukarno Hatta No. 6, Malang', 'Taufik Ramadhan', 'Pilot', 'Khadijah Firmansyah', 'Petani', '081287104821', 140, 'Lulus'),
('00812345052', 'Agus Budiman', 'L', 'Malang', '2012-05-25', 'Jl. Oro-oro Dowo No. 4, Malang', 'Prasetyo Ramadhan', 'Supir', 'Putri Lubis', 'Polri', '081213001257', 333, 'Lulus'),
('00812345053', 'Linda Permana', 'P', 'Malang', '2011-01-02', 'Jl. Sukarno Hatta No. 65, Malang', 'Fauzan Permana', 'Dosen', 'Khadijah Ginting', 'Polri', '081164660749', 312, 'Lulus'),
('00812345054', 'Rizky Budiman', 'L', 'Malang', '2010-04-10', 'Jl. Veteran No. 3, Malang', 'Joko Wibowo', 'Arsitek', 'Sri Setiawan', 'Dosen', '081634854657', 197, 'Lulus'),
('00812345055', 'Mega Pohan', 'P', 'Malang', '2013-09-24', 'Jl. Galunggung No. 22, Malang', 'Zulkifli Raharjo', 'Dokter', 'Rina Santoso', 'Pedagang', '081538739239', 318, 'Lulus'),
('00812345056', 'Zulkifli Sutrisno', 'L', 'Malang', '2012-02-27', 'Jl. Blimbing No. 75, Malang', 'Yanto Hidayat', 'Guru', 'Ani Ginting', 'TNI', '081783847796', 263, 'Lulus'),
('00812345057', 'Eko Siregar', 'L', 'Malang', '2013-02-13', 'Jl. Blimbing No. 13, Malang', 'Joko Kusuma', 'TNI', 'Linda Hidayatullah', 'Satpam', '081303895606', 267, 'Lulus'),
('00812345058', 'Dimas Gunawan', 'L', 'Malang', '2014-06-07', 'Jl. Blimbing No. 73, Malang', 'Teguh Lubis', 'Karyawan Swasta', 'Lestari Santoso', 'Buruh', '081656180271', 214, 'Lulus'),
('00812345059', 'Aura Wahyudi', 'P', 'Malang', '2014-10-17', 'Jl. Borobudur No. 83, Malang', 'Iwan Saputra', 'Nelayan', 'Rini Ramadhan', 'Pilot', '081303168048', 289, 'Lulus'),
('00812345060', 'Agus Hidayatullah', 'L', 'Malang', '2012-07-05', 'Jl. Sulfat No. 20, Malang', 'Wawan Permana', 'Karyawan Swasta', 'Lestari Sitorus', 'Satpam', '081494370462', 270, 'Lulus'),
('00812345061', 'Yuliana Pane', 'P', 'Malang', '2013-10-10', 'Jl. Oro-oro Dowo No. 26, Malang', 'Syarif Ramadhan', 'Dosen', 'Widya Sitorus', 'Polri', '081145099033', 306, 'Lulus'),
('00812345062', 'Amalia Siregar', 'P', 'Malang', '2012-08-01', 'Jl. Semeru No. 86, Malang', 'Aditya Wahyudi', 'Perawat', 'Linda Raharjo', 'Nelayan', '081580693405', 322, 'Lulus'),
('00812345063', 'Syarif Saputra', 'L', 'Malang', '2011-03-05', 'Jl. Semeru No. 24, Malang', 'Aris Sutrisno', 'Petani', 'Yuliana Purnomo', 'Pedagang', '081857265369', 321, 'Lulus'),
('00812345064', 'Sari Firmansyah', 'P', 'Malang', '2012-01-27', 'Jl. Borobudur No. 51, Malang', 'Dedi Gunawan', 'Nelayan', 'Keysha Santoso', 'Arsitek', '081868304336', 145, 'Lulus'),
('00812345065', 'Teguh Firmansyah', 'L', 'Malang', '2011-09-21', 'Jl. Ijen No. 87, Malang', 'Bambang Gunawan', 'Polri', 'Yuliana Saputra', 'Satpam', '081485923623', 330, 'Lulus'),
('00812345066', 'Joko Wahyudi', 'L', 'Malang', '2011-02-12', 'Jl. Arjosari No. 15, Malang', 'Dimas Hidayatullah', 'Wiraswasta', 'Utami Pratama', 'Dokter', '081764592576', 154, 'Lulus'),
('00812345067', 'Indra Santoso', 'L', 'Malang', '2014-05-08', 'Jl. Sukarno Hatta No. 10, Malang', 'Lukman Ginting', 'TNI', 'Mega Sutrisno', 'Dokter', '081707192586', 299, 'Lulus'),
('00812345068', 'Joko Ginting', 'L', 'Malang', '2010-07-11', 'Jl. Borobudur No. 17, Malang', 'Husain Hidayat', 'Nelayan', 'Widya Setiawan', 'Perawat', '081766205966', 295, 'Lulus'),
('00812345069', 'Budi Santoso', 'L', 'Malang', '2013-11-28', 'Jl. Veteran No. 53, Malang', 'Lukman Lubis', 'Nelayan', 'Fitri Wibowo', 'Polri', '081140093582', 178, 'Lulus'),
('00812345070', 'Hasan Hidayatullah', 'L', 'Malang', '2014-03-07', 'Jl. Borobudur No. 47, Malang', 'Prasetyo Hidayatullah', 'Karyawan Swasta', 'Eka Siregar', 'Buruh', '081258463494', 275, 'Lulus'),
('00812345071', 'Hamzah Wijaya', 'L', 'Malang', '2013-05-19', 'Jl. Arjosari No. 15, Malang', 'Dimas Hidayatullah', 'Wiraswasta', 'Utami Pratama', 'Dokter', '081764592576', 154, 'Lulus'),
('00812345072', 'Hamzah Siregar', 'L', 'Malang', '2014-04-10', 'Jl. Dinoyo No. 30, Malang', 'Hendra Firmansyah', 'Pedagang', 'Mega Pane', 'PNS', '081476943639', 245, 'Lulus'),
('00812345073', 'Wahyu Hidayatullah', 'L', 'Malang', '2013-04-18', 'Jl. Ijen No. 6, Malang', 'Fajar Nugroho', 'Supir', 'Maryam Hidayatullah', 'Buruh', '081965906623', 216, 'Lulus'),
('00812345074', 'Amalia Ramadhan', 'P', 'Malang', '2013-06-19', 'Jl. Langsep No. 66, Malang', 'Hasan Purnomo', 'Supir', 'Aisyah Raharjo', 'Wiraswasta', '081337829296', 212, 'Lulus'),
('00812345075', 'Aisyah Wibowo', 'P', 'Malang', '2012-06-20', 'Jl. Langsep No. 7, Malang', 'Eko Kusuma', 'Wiraswasta', 'Fatmawati Permana', 'Petani', '081233205613', 277, 'Lulus'),
('00812345076', 'Ratna Wibowo', 'P', 'Malang', '2012-01-18', 'Jl. Arjosari No. 100, Malang', 'Hasan Purnomo', 'Guru', 'Eka Permana', 'Petani', '081185134420', 141, 'Lulus'),
('00812345077', 'Ridwan Lubis', 'L', 'Malang', '2012-04-01', 'Jl. Sulfat No. 33, Malang', 'Joko Hidayatullah', 'Supir', 'Salma Nasution', 'Supir', '081657392676', 345, 'Lulus'),
('00812345078', 'Safira Budiman', 'P', 'Malang', '2014-05-21', 'Jl. Sukarno Hatta No. 19, Malang', 'Fauzan Nugroho', 'TNI', 'Sari Lubis', 'Buruh', '081114907713', 284, 'Lulus'),
('00812345079', 'Fauzan Susanto', 'L', 'Malang', '2011-04-18', 'Jl. Blimbing No. 75, Malang', 'Yanto Hidayat', 'Guru', 'Ani Ginting', 'TNI', '081783847796', 263, 'Lulus'),
('00812345080', 'Wawan Hidayat', 'L', 'Malang', '2013-12-21', 'Jl. Borobudur No. 47, Malang', 'Prasetyo Hidayatullah', 'Karyawan Swasta', 'Eka Siregar', 'Buruh', '081258463494', 275, 'Lulus'),
('00812345081', 'Wawan Hidayatullah', 'L', 'Malang', '2014-07-14', 'Jl. Blimbing No. 60, Malang', 'Eko Sitorus', 'Guru', 'Zahra Budiman', 'PNS', '081793384358', 319, 'Lulus'),
('00812345082', 'Ali Lubis', 'L', 'Malang', '2013-01-03', 'Jl. Blimbing No. 46, Malang', 'Hamzah Saputra', 'Wiraswasta', 'Sri Kusuma', 'Polri', '081676136218', 133, 'Lulus'),
('00812345083', 'Bambang Ginting', 'L', 'Malang', '2013-05-07', 'Jl. Blimbing No. 60, Malang', 'Eko Sitorus', 'Guru', 'Zahra Budiman', 'PNS', '081793384358', 319, 'Lulus'),
('00812345084', 'Sutrisno Ramadhan', 'L', 'Malang', '2014-11-27', 'Jl. Veteran No. 91, Malang', 'Iwan Purnomo', 'PNS', 'Wati Wijaya', 'Karyawan Swasta', '081237535689', 232, 'Lulus'),
('00812345085', 'Aisyah Saputra', 'P', 'Malang', '2014-03-15', 'Jl. Semeru No. 24, Malang', 'Aris Sutrisno', 'Petani', 'Yuliana Purnomo', 'Pedagang', '081857265369', 321, 'Lulus'),
('00812345086', 'Wahyu Hidayatullah', 'L', 'Malang', '2010-06-13', 'Jl. Langsep No. 56, Malang', 'Fauzan Sutrisno', 'PNS', 'Lestari Sutrisno', 'Nelayan', '081945039917', 350, 'Lulus'),
('00812345087', 'Yanto Pratama', 'L', 'Malang', '2010-10-03', 'Jl. Sawojajar No. 27, Malang', 'Rudi Raharjo', 'Perawat', 'Salma Wibowo', 'Guru', '081958625545', 227, 'Keluar'),
('00812345088', 'Dimas Nugroho', 'L', 'Malang', '2012-05-18', 'Jl. Dinoyo No. 30, Malang', 'Hendra Firmansyah', 'Pedagang', 'Mega Pane', 'PNS', '081476943639', 245, 'Lulus'),
('00812345089', 'Hadi Saputra', 'L', 'Malang', '2013-09-21', 'Jl. Borobudur No. 17, Malang', 'Husain Hidayat', 'Nelayan', 'Widya Setiawan', 'Perawat', '081766205966', 295, 'Lulus'),
('00812345090', 'Yanto Purnomo', 'L', 'Malang', '2014-07-17', 'Jl. Semeru No. 77, Malang', 'Joko Pane', 'PNS', 'Hana Sutrisno', 'Dosen', '081350730084', 205, 'Lulus'),
('00812345091', 'Sutrisno Saputra', 'L', 'Malang', '2010-04-07', 'Jl. Borobudur No. 61, Malang', 'Surya Wijaya', 'Perawat', 'Salma Wahyudi', 'Nelayan', '081771664067', 177, 'Lulus'),
('00812345092', 'Safira Nugroho', 'P', 'Malang', '2011-12-11', 'Jl. Galunggung No. 70, Malang', 'Wahyu Santoso', 'Satpam', 'Salma Pane', 'Petani', '081343294671', 173, 'Lulus'),
('00812345093', 'Bayu Hidayat', 'L', 'Malang', '2011-12-16', 'Jl. Sawojajar No. 27, Malang', 'Hamzah Hidayat', 'Buruh', 'Eka Wijaya', 'Arsitek', '081909551820', 304, 'Lulus'),
('00812345094', 'Fatmawati Ramadhan', 'P', 'Malang', '2014-08-06', 'Jl. Semeru No. 38, Malang', 'Fauzan Gunawan', 'Perawat', 'Rina Ginting', 'Guru', '081158350212', 102, 'Lulus'),
('00812345095', 'Nabila Lubis', 'P', 'Malang', '2011-05-20', 'Jl. Kawi No. 18, Malang', 'Indra Siregar', 'Buruh', 'Khadijah Nugroho', 'Dokter', '081290983131', 298, 'Lulus'),
('00812345096', 'Syarif Ginting', 'L', 'Malang', '2012-01-22', 'Jl. Kawi No. 81, Malang', 'Wahyu Sitorus', 'Karyawan Swasta', 'Rini Saputra', 'TNI', '081518861557', 104, 'Lulus'),
('00812345097', 'Yanto Gunawan', 'L', 'Malang', '2010-04-28', 'Jl. Sulfat No. 64, Malang', 'Zulkifli Nasution', 'Petani', 'Dewi Setiawan', 'Buruh', '081956690102', 297, 'Lulus'),
('00812345098', 'Rina Siregar', 'P', 'Malang', '2013-05-21', 'Jl. Oro-oro Dowo No. 69, Malang', 'Rizky Pane', 'Wiraswasta', 'Tri Wibowo', 'Guru', '081183337723', 190, 'Lulus'),
('00812345099', 'Aris Pane', 'L', 'Malang', '2010-08-04', 'Jl. Langsep No. 67, Malang', 'Eko Budiman', 'Karyawan Swasta', 'Siska Santoso', 'Polri', '081319067608', 125, 'Lulus'),
('00812345100', 'Joko Permana', 'L', 'Malang', '2012-10-14', 'Jl. Veteran No. 5, Malang', 'Yanto Ginting', 'Dosen', 'Linda Pane', 'Polri', '081850546472', 144, 'Lulus'),
('00812345101', 'Ratna Firmansyah', 'P', 'Malang', '2013-02-03', 'Jl. Borobudur No. 53, Malang', 'Hasan Pohan', 'TNI', 'Siska Ramadhan', 'Buruh', '081335029984', 337, 'Lulus'),
('00812345102', 'Eko Saputra', 'L', 'Malang', '2014-10-03', 'Jl. Borobudur No. 13, Malang', 'Husain Pratama', 'Pilot', 'Widya Pane', 'Buruh', '081417382713', 278, 'Lulus'),
('00812345103', 'Fatmawati Wahyudi', 'P', 'Malang', '2013-11-20', 'Jl. Borobudur No. 19, Malang', 'Guntur Budiman', 'Buruh', 'Tri Wibowo', 'Karyawan Swasta', '081243011456', 238, 'Lulus'),
('00812345104', 'Tri Nugroho', 'P', 'Malang', '2011-05-15', 'Jl. Ijen No. 6, Malang', 'Fajar Nugroho', 'Supir', 'Maryam Hidayatullah', 'Buruh', '081965906623', 216, 'Lulus'),
('00812345105', 'Aris Hidayat', 'L', 'Malang', '2011-01-08', 'Jl. Oro-oro Dowo No. 27, Malang', 'Rian Lubis', 'PNS', 'Ani Kusuma', 'Guru', '081871825062', 142, 'Lulus'),
('00812345106', 'Indra Santoso', 'L', 'Malang', '2012-12-05', 'Jl. Sukarno Hatta No. 13, Malang', 'Sutrisno Susanto', 'TNI', 'Aura Wahyudi', 'Dokter', '081310043196', 315, 'Lulus'),
('00812345107', 'Teguh Sutrisno', 'L', 'Malang', '2010-11-05', 'Jl. Oro-oro Dowo No. 70, Malang', 'Teguh Wahyudi', 'PNS', 'Khadijah Siregar', 'Karyawan Swasta', '081190072483', 311, 'Lulus'),
('00812345108', 'Amalia Sutrisno', 'P', 'Malang', '2014-10-11', 'Jl. Ijen No. 21, Malang', 'Budi Saputra', 'Perawat', 'Khadijah Permana', 'Wiraswasta', '081399529853', 198, 'Lulus'),
('00812345109', 'Aisyah Santoso', 'P', 'Malang', '2012-04-22', 'Jl. Sukarno Hatta No. 13, Malang', 'Yahya Ginting', 'Arsitek', 'Ratna Susanto', 'Pilot', '081137624037', 159, 'Lulus'),
('00812345110', 'Siska Raharjo', 'P', 'Malang', '2012-08-16', 'Jl. Veteran No. 53, Malang', 'Lukman Lubis', 'Nelayan', 'Fitri Wibowo', 'Polri', '081140093582', 178, 'Lulus'),
('00812345111', 'Yuliana Purnomo', 'P', 'Malang', '2012-05-05', 'Jl. Veteran No. 79, Malang', 'Lukman Nasution', 'Perawat', 'Kartika Ramadhan', 'Perawat', '081481265799', 179, 'Dikeluarkan'),
('00812345112', 'Fajar Ginting', 'L', 'Malang', '2010-02-14', 'Jl. Arjosari No. 7, Malang', 'Eko Raharjo', 'Dokter', 'Amalia Raharjo', 'Guru', '081861609663', 143, 'Aktif'),
('00812345113', 'Prasetyo Ramadhan', 'L', 'Malang', '2014-05-18', 'Jl. Blimbing No. 72, Malang', 'Bambang Raharjo', 'Dosen', 'Hana Ramadhan', 'Buruh', '081664201191', 163, 'Aktif'),
('00812345114', 'Widya Wahyudi', 'P', 'Malang', '2011-09-23', 'Jl. Borobudur No. 46, Malang', 'Zaki Hidayat', 'Karyawan Swasta', 'Wati Siregar', 'Satpam', '081998418573', 217, 'Aktif'),
('00812345115', 'Siska Susanto', 'P', 'Malang', '2012-03-08', 'Jl. Sawojajar No. 35, Malang', 'Indra Gunawan', 'Nelayan', 'Sri Ginting', 'Polri', '081299992858', 165, 'Aktif'),
('00812345116', 'Eko Pohan', 'L', 'Malang', '2013-08-26', 'Jl. Sulfat No. 51, Malang', 'Ali Pane', 'Karyawan Swasta', 'Aisyah Budiman', 'Pilot', '081636839633', 234, 'Aktif'),
('00812345117', 'Guntur Sitorus', 'L', 'Malang', '2013-12-25', 'Jl. Langsep No. 7, Malang', 'Bayu Wahyudi', 'Petani', 'Dian Wibowo', 'Petani', '081587958277', 119, 'Aktif'),
('00812345118', 'Sri Susanto', 'P', 'Malang', '2014-03-01', 'Jl. Semeru No. 13, Malang', 'Husain Hidayatullah', 'Nelayan', 'Rini Susanto', 'Guru', '081837513395', 302, 'Aktif'),
('00812345119', 'Rizky Pane', 'L', 'Malang', '2013-07-11', 'Jl. Blimbing No. 37, Malang', 'Budi Hidayat', 'Pilot', 'Keysha Santoso', 'PNS', '081722013356', 116, 'Aktif'),
('00812345120', 'Aris Gunawan', 'L', 'Malang', '2013-05-26', 'Jl. Sawojajar No. 71, Malang', 'Slamet Pratama', 'Dosen', 'Safira Hidayat', 'Pilot', '081683489033', 211, 'Aktif'),
('00812345121', 'Hendra Siregar', 'L', 'Malang', '2010-11-04', 'Jl. Oro-oro Dowo No. 15, Malang', 'Umar Setiawan', 'Pilot', 'Putri Setiawan', 'Karyawan Swasta', '081760467217', 253, 'Aktif'),
('00812345122', 'Nur Nasution', 'P', 'Malang', '2010-05-27', 'Jl. Kawi No. 28, Malang', 'Dedi Firmansyah', 'Guru', 'Amalia Budiman', 'Petani', '081561840427', 182, 'Aktif'),
('00812345123', 'Dewi Wahyudi', 'P', 'Malang', '2010-12-07', 'Jl. Borobudur No. 54, Malang', 'Budi Saputra', 'PNS', 'Fitri Wibowo', 'Buruh', '081492903663', 257, 'Aktif'),
('00812345124', 'Utami Wijaya', 'P', 'Malang', '2014-09-04', 'Jl. Oro-oro Dowo No. 16, Malang', 'Bambang Kusuma', 'Karyawan Swasta', 'Maya Ginting', 'Nelayan', '081249526245', 124, 'Aktif'),
('00812345125', 'Yanto Siregar', 'L', 'Malang', '2010-09-06', 'Jl. Borobudur No. 91, Malang', 'Hendra Sutrisno', 'Arsitek', 'Mega Kusuma', 'Polri', '081929518979', 130, 'Aktif'),
('00812345126', 'Utami Ginting', 'P', 'Malang', '2013-08-01', 'Jl. Borobudur No. 78, Malang', 'Syarif Raharjo', 'Arsitek', 'Dian Siregar', 'Petani', '081159108267', 291, 'Aktif'),
('00812345127', 'Keysha Lubis', 'P', 'Malang', '2014-11-02', 'Jl. Arjosari No. 30, Malang', 'Ali Ramadhan', 'PNS', 'Mega Permana', 'Pilot', '081191816952', 186, 'Aktif'),
('00812345128', 'Ahmad Wibowo', 'L', 'Malang', '2014-01-07', 'Jl. Ijen No. 91, Malang', 'Dani Saputra', 'Petani', 'Dian Pratama', 'PNS', '081496737303', 332, 'Aktif'),
('00812345129', 'Nabila Saputra', 'P', 'Malang', '2014-06-21', 'Jl. Kawi No. 11, Malang', 'Indra Pane', 'Dokter', 'Sari Permana', 'Guru', '081952423845', 247, 'Aktif'),
('00812345130', 'Nur Siregar', 'P', 'Malang', '2010-04-26', 'Jl. Veteran No. 64, Malang', 'Zaki Susanto', 'Petani', 'Aura Raharjo', 'PNS', '081832426971', 151, 'Aktif'),
('00812345131', 'Siska Kusuma', 'P', 'Malang', '2011-06-26', 'Jl. Veteran No. 45, Malang', 'Wawan Susanto', 'PNS', 'Rini Siregar', 'Karyawan Swasta', '081210568282', 105, 'Aktif'),
('00812345132', 'Syarif Firmansyah', 'L', 'Malang', '2012-11-01', 'Jl. Langsep No. 81, Malang', 'Yanto Permana', 'Petani', 'Utami Nasution', 'Arsitek', '081288305001', 309, 'Aktif'),
('00812345133', 'Ani Raharjo', 'P', 'Malang', '2014-01-20', 'Jl. Veteran No. 48, Malang', 'Wawan Sitorus', 'Satpam', 'Eka Setiawan', 'PNS', '081782880621', 201, 'Aktif'),
('00812345134', 'Linda Wahyudi', 'P', 'Malang', '2014-06-24', 'Jl. Sulfat No. 39, Malang', 'Ahmad Ramadhan', 'Dokter', 'Tri Raharjo', 'PNS', '081990878482', 166, 'Aktif'),
('00812345135', 'Dewi Raharjo', 'P', 'Malang', '2013-10-19', 'Jl. Borobudur No. 68, Malang', 'Rudi Firmansyah', 'Supir', 'Aisyah Hidayat', 'Supir', '081228465391', 260, 'Aktif'),
('00812345136', 'Surya Budiman', 'L', 'Malang', '2010-11-01', 'Jl. Borobudur No. 47, Malang', 'Hasan Setiawan', 'Buruh', 'Eka Sitorus', 'Arsitek', '081901402880', 324, 'Aktif'),
('00812345137', 'Ali Hidayatullah', 'L', 'Malang', '2012-02-14', 'Jl. Sulfat No. 94, Malang', 'Syarif Wibowo', 'Karyawan Swasta', 'Dian Setiawan', 'Perawat', '081682201871', 146, 'Aktif'),
('00812345138', 'Eko Permana', 'L', 'Malang', '2012-08-08', 'Jl. Galunggung No. 95, Malang', 'Prasetyo Susanto', 'Satpam', 'Fatmawati Purnomo', 'PNS', '081581531130', 237, 'Aktif'),
('00812345139', 'Yuliana Susanto', 'P', 'Malang', '2011-04-09', 'Jl. Oro-oro Dowo No. 36, Malang', 'Lukman Nasution', 'Pedagang', 'Nur Setiawan', 'Satpam', '081895129662', 202, 'Aktif'),
('00812345140', 'Rina Setiawan', 'P', 'Malang', '2014-05-09', 'Jl. Oro-oro Dowo No. 15, Malang', 'Umar Setiawan', 'Pilot', 'Putri Setiawan', 'Karyawan Swasta', '081760467217', 253, 'Aktif'),
('00812345141', 'Lutfia Sitorus', 'P', 'Malang', '2012-05-07', 'Jl. Sukarno Hatta No. 10, Malang', 'Lukman Ginting', 'TNI', 'Mega Sutrisno', 'Dokter', '081707192586', 299, 'Aktif'),
('00812345142', 'Zaki Purnomo', 'L', 'Malang', '2010-09-10', 'Jl. Kawi No. 52, Malang', 'Bayu Lubis', 'Guru', 'Aisyah Nasution', 'Buruh', '081140505320', 236, 'Aktif'),
('00812345143', 'Aris Wijaya', 'L', 'Malang', '2014-07-16', 'Jl. Oro-oro Dowo No. 20, Malang', 'Sutrisno Wahyudi', 'Buruh', 'Keysha Nasution', 'Pedagang', '081327914092', 230, 'Aktif'),
('00812345144', 'Tri Hidayatullah', 'P', 'Malang', '2012-06-21', 'Jl. Borobudur No. 68, Malang', 'Rudi Firmansyah', 'Supir', 'Aisyah Hidayat', 'Supir', '081228465391', 260, 'Aktif'),
('00812345145', 'Joko Budiman', 'L', 'Malang', '2011-01-10', 'Jl. Borobudur No. 46, Malang', 'Zaki Hidayat', 'Karyawan Swasta', 'Wati Siregar', 'Satpam', '081998418573', 217, 'Aktif'),
('00812345146', 'Hana Sutrisno', 'P', 'Malang', '2014-03-11', 'Jl. Sulfat No. 28, Malang', 'Guntur Setiawan', 'Supir', 'Nabila Gunawan', 'Dosen', '081112934835', 329, 'Aktif'),
('00812345147', 'Tri Wahyudi', 'P', 'Malang', '2012-03-20', 'Jl. Borobudur No. 71, Malang', 'Indra Budiman', 'Petani', 'Wati Ginting', 'Karyawan Swasta', '081188390884', 114, 'Aktif'),
('00812345148', 'Nabila Hidayat', 'P', 'Malang', '2012-01-07', 'Jl. Langsep No. 97, Malang', 'Agus Ginting', 'Guru', 'Dian Wibowo', 'TNI', '081421882191', 274, 'Aktif'),
('00812345149', 'Yanto Firmansyah', 'L', 'Malang', '2012-07-11', 'Jl. Oro-oro Dowo No. 80, Malang', 'Surya Firmansyah', 'Polri', 'Nur Siregar', 'Nelayan', '081861541066', 248, 'Aktif'),
('00812345150', 'Tri Sutrisno', 'P', 'Malang', '2012-04-24', 'Jl. Veteran No. 64, Malang', 'Zaki Susanto', 'Petani', 'Aura Raharjo', 'PNS', '081832426971', 151, 'Aktif'),
('00812345151', 'Rudi Lubis', 'L', 'Malang', '2013-05-12', 'Jl. Oro-oro Dowo No. 20, Malang', 'Sutrisno Wahyudi', 'Buruh', 'Keysha Nasution', 'Pedagang', '081327914092', 230, 'Aktif'),
('00812345152', 'Rina Ginting', 'P', 'Malang', '2011-02-12', 'Jl. Sawojajar No. 49, Malang', 'Agus Purnomo', 'Supir', 'Widya Budiman', 'Pilot', '081183800538', 194, 'Aktif'),
('00812345153', 'Lestari Budiman', 'P', 'Malang', '2013-05-14', 'Jl. Semeru No. 24, Malang', 'Aris Sutrisno', 'Petani', 'Yuliana Purnomo', 'Pedagang', '081857265369', 321, 'Aktif'),
('00812345154', 'Wati Setiawan', 'P', 'Malang', '2011-03-20', 'Jl. Galunggung No. 23, Malang', 'Teguh Siregar', 'Satpam', 'Aura Nugroho', 'Dokter', '081740378061', 250, 'Aktif'),
('00812345155', 'Tri Raharjo', 'P', 'Malang', '2010-11-05', 'Jl. Arjosari No. 71, Malang', 'Eko Pohan', 'Wiraswasta', 'Ratna Siregar', 'Wiraswasta', '081341197096', 187, 'Aktif'),
('00812345156', 'Yahya Hidayatullah', 'L', 'Malang', '2014-02-09', 'Jl. Kawi No. 46, Malang', 'Wawan Susanto', 'Petani', 'Amalia Budiman', 'PNS', '081702144949', 256, 'Aktif'),
('00812345157', 'Prasetyo Saputra', 'L', 'Malang', '2012-09-24', 'Jl. Arjosari No. 7, Malang', 'Eko Raharjo', 'Dokter', 'Amalia Raharjo', 'Guru', '081861609663', 143, 'Aktif'),
('00812345158', 'Sari Nugroho', 'P', 'Malang', '2014-01-04', 'Jl. Galunggung No. 23, Malang', 'Teguh Siregar', 'Satpam', 'Aura Nugroho', 'Dokter', '081740378061', 250, 'Aktif'),
('00812345159', 'Aditya Setiawan', 'L', 'Malang', '2012-12-15', 'Jl. Oro-oro Dowo No. 62, Malang', 'Yanto Permana', 'Dosen', 'Aisyah Santoso', 'Wiraswasta', '081487415273', 161, 'Aktif'),
('00812345160', 'Safira Sutrisno', 'P', 'Malang', '2011-12-15', 'Jl. Galunggung No. 17, Malang', 'Aditya Ginting', 'Buruh', 'Fatmawati Firmansyah', 'Polri', '081642148092', 225, 'Aktif'),
('00812345161', 'Widya Gunawan', 'P', 'Malang', '2013-11-15', 'Jl. Blimbing No. 28, Malang', 'Agus Nasution', 'Polri', 'Amalia Purnomo', 'Karyawan Swasta', '081212955379', 195, 'Aktif'),
('00812345162', 'Fauzan Budiman', 'L', 'Malang', '2013-10-11', 'Jl. Borobudur No. 57, Malang', 'Agus Gunawan', 'Buruh', 'Putri Nugroho', 'Satpam', '081389700416', 280, 'Aktif'),
('00812345163', 'Safira Wibowo', 'P', 'Malang', '2012-04-26', 'Jl. Ijen No. 43, Malang', 'Zulkifli Firmansyah', 'Dokter', 'Amalia Susanto', 'Supir', '081163640052', 206, 'Aktif'),
('00812345164', 'Wahyu Permana', 'L', 'Malang', '2014-05-04', 'Jl. Veteran No. 18, Malang', 'Andi Nasution', 'Petani', 'Dian Sutrisno', 'Dosen', '081347577516', 258, 'Aktif'),
('00812345165', 'Ali Firmansyah', 'L', 'Malang', '2012-08-21', 'Jl. Langsep No. 65, Malang', 'Zaki Nasution', 'Satpam', 'Dian Nasution', 'Guru', '081233509000', 191, 'Aktif'),
('00812345166', 'Aisyah Setiawan', 'P', 'Malang', '2013-07-04', 'Jl. Langsep No. 33, Malang', 'Yanto Sutrisno', 'Dosen', 'Sri Santoso', 'Petani', '081744431256', 344, 'Aktif'),
('00812345167', 'Yanto Pohan', 'L', 'Malang', '2012-11-28', 'Jl. Sulfat No. 99, Malang', 'Dani Nugroho', 'PNS', 'Amalia Budiman', 'Petani', '081663488313', 137, 'Aktif'),
('00812345168', 'Safira Lubis', 'P', 'Malang', '2010-08-04', 'Jl. Langsep No. 7, Malang', 'Eko Kusuma', 'Wiraswasta', 'Fatmawati Permana', 'Petani', '081233205613', 277, 'Aktif'),
('00812345169', 'Aditya Budiman', 'L', 'Malang', '2014-08-18', 'Jl. Oro-oro Dowo No. 27, Malang', 'Rian Lubis', 'PNS', 'Ani Kusuma', 'Guru', '081871825062', 142, 'Keluar'),
('00812345170', 'Hasan Wibowo', 'L', 'Malang', '2012-10-10', 'Jl. Borobudur No. 39, Malang', 'Fauzan Gunawan', 'Supir', 'Dian Pane', 'PNS', '081770461038', 149, 'Aktif'),
('00812345171', 'Aditya Ginting', 'L', 'Malang', '2013-12-10', 'Jl. Borobudur No. 83, Malang', 'Iwan Saputra', 'Nelayan', 'Rini Ramadhan', 'Pilot', '081303168048', 289, 'Aktif'),
('00812345172', 'Sutrisno Susanto', 'L', 'Malang', '2010-02-01', 'Jl. Dinoyo No. 96, Malang', 'Ahmad Wijaya', 'Petani', 'Aisyah Wahyudi', 'Petani', '081532702741', 192, 'Aktif'),
('00812345173', 'Aura Sitorus', 'P', 'Malang', '2013-06-05', 'Jl. Oro-oro Dowo No. 38, Malang', 'Fajar Kusuma', 'Petani', 'Widya Permana', 'Buruh', '081346391218', 310, 'Aktif'),
('00812345174', 'Fajar Firmansyah', 'L', 'Malang', '2011-11-15', 'Jl. Sawojajar No. 22, Malang', 'Yanto Purnomo', 'Petani', 'Kartika Firmansyah', 'Dokter', '081916142639', 259, 'Aktif'),
('00812345175', 'Fatmawati Wahyudi', 'P', 'Malang', '2014-06-19', 'Jl. Arjosari No. 76, Malang', 'Bambang Wijaya', 'Arsitek', 'Nabila Sitorus', 'Wiraswasta', '081274530630', 340, 'Aktif'),
('00812345176', 'Zulkifli Permana', 'L', 'Malang', '2012-01-26', 'Jl. Kawi No. 36, Malang', 'Fauzan Sutrisno', 'Wiraswasta', 'Salma Gunawan', 'Pedagang', '081709160350', 292, 'Aktif'),
('00812345177', 'Indah Nasution', 'P', 'Malang', '2011-04-21', 'Jl. Blimbing No. 28, Malang', 'Agus Nasution', 'Polri', 'Amalia Purnomo', 'Karyawan Swasta', '081212955379', 195, 'Aktif'),
('00812345178', 'Prasetyo Ramadhan', 'L', 'Malang', '2012-02-04', 'Jl. Sawojajar No. 65, Malang', 'Aditya Kusuma', 'Karyawan Swasta', 'Siska Siregar', 'Arsitek', '081952472061', 243, 'Aktif'),
('00812345179', 'Ratna Wibowo', 'P', 'Malang', '2012-08-21', 'Jl. Langsep No. 23, Malang', 'Wawan Gunawan', 'Wiraswasta', 'Linda Ginting', 'Buruh', '081688157983', 171, 'Aktif'),
('00812345180', 'Salma Pratama', 'P', 'Malang', '2013-06-24', 'Jl. Borobudur No. 32, Malang', 'Lukman Saputra', 'Polri', 'Ani Nugroho', 'Buruh', '081975726196', 254, 'Aktif'),
('00812345181', 'Hamzah Nugroho', 'L', 'Malang', '2014-12-10', 'Jl. Oro-oro Dowo No. 80, Malang', 'Surya Firmansyah', 'Polri', 'Nur Siregar', 'Nelayan', '081861541066', 248, 'Aktif'),
('00812345182', 'Fauzan Raharjo', 'L', 'Malang', '2011-01-01', 'Jl. Langsep No. 42, Malang', 'Bambang Pratama', 'Supir', 'Zahra Nasution', 'Guru', '081618208814', 176, 'Aktif'),
('00812345183', 'Ratna Hidayatullah', 'P', 'Malang', '2013-10-06', 'Jl. Langsep No. 50, Malang', 'Hendra Budiman', 'Arsitek', 'Lestari Wibowo', 'Polri', '081423123273', 242, 'Aktif'),
('00812345184', 'Yahya Pane', 'L', 'Malang', '2010-08-01', 'Jl. Oro-oro Dowo No. 62, Malang', 'Yanto Permana', 'Dosen', 'Aisyah Santoso', 'Wiraswasta', '081487415273', 161, 'Aktif'),
('00812345185', 'Umar Wahyudi', 'L', 'Malang', '2013-09-21', 'Jl. Blimbing No. 37, Malang', 'Budi Hidayat', 'Pilot', 'Keysha Santoso', 'PNS', '081722013356', 116, 'Aktif'),
('00812345186', 'Taufik Hidayat', 'L', 'Malang', '2010-09-28', 'Jl. Oro-oro Dowo No. 38, Malang', 'Fajar Kusuma', 'Petani', 'Widya Permana', 'Buruh', '081346391218', 310, 'Aktif'),
('00812345187', 'Aisyah Wibowo', 'P', 'Malang', '2012-05-06', 'Jl. Langsep No. 33, Malang', 'Yanto Sutrisno', 'Dosen', 'Sri Santoso', 'Petani', '081744431256', 344, 'Aktif'),
('00812345188', 'Wawan Siregar', 'L', 'Malang', '2010-04-26', 'Jl. Blimbing No. 75, Malang', 'Yanto Hidayat', 'Guru', 'Ani Ginting', 'TNI', '081783847796', 263, 'Aktif'),
('00812345189', 'Bayu Hidayat', 'L', 'Malang', '2014-03-22', 'Jl. Arjosari No. 54, Malang', 'Dedi Purnomo', 'Dokter', 'Rina Saputra', 'Pilot', '081446087539', 300, 'Aktif'),
('00812345190', 'Umar Wijaya', 'L', 'Malang', '2012-01-27', 'Jl. Arjosari No. 95, Malang', 'Teguh Sutrisno', 'Dosen', 'Aisyah Wahyudi', 'Perawat', '081974746223', 336, 'Aktif'),
('00812345191', 'Linda Santoso', 'P', 'Malang', '2010-03-03', 'Jl. Dinoyo No. 5, Malang', 'Wahyu Pohan', 'TNI', 'Eka Saputra', 'Petani', '081673023860', 109, 'Aktif'),
('00812345192', 'Ratna Ramadhan', 'P', 'Malang', '2014-05-28', 'Jl. Oro-oro Dowo No. 38, Malang', 'Fajar Kusuma', 'Petani', 'Widya Permana', 'Buruh', '081346391218', 310, 'Aktif'),
('00812345193', 'Yuliana Lubis', 'P', 'Malang', '2012-01-05', 'Jl. Oro-oro Dowo No. 1, Malang', 'Teguh Santoso', 'Pilot', 'Dian Wijaya', 'Pilot', '081131499558', 120, 'Aktif'),
('00812345194', 'Zahra Pratama', 'P', 'Malang', '2010-06-04', 'Jl. Galunggung No. 22, Malang', 'Zulkifli Raharjo', 'Dokter', 'Rina Santoso', 'Pedagang', '081538739239', 318, 'Aktif'),
('00812345195', 'Amalia Nasution', 'P', 'Malang', '2010-11-28', 'Jl. Arjosari No. 71, Malang', 'Eko Pohan', 'Wiraswasta', 'Ratna Siregar', 'Wiraswasta', '081341197096', 187, 'Aktif'),
('00812345196', 'Maryam Kusuma', 'P', 'Malang', '2011-05-27', 'Jl. Langsep No. 82, Malang', 'Rizky Setiawan', 'Guru', 'Khadijah Permana', 'TNI', '081297902937', 231, 'Aktif'),
('00812345197', 'Tri Gunawan', 'P', 'Malang', '2012-08-15', 'Jl. Galunggung No. 36, Malang', 'Ahmad Wijaya', 'Petani', 'Amalia Hidayat', 'Wiraswasta', '081394384768', 129, 'Aktif'),
('00812345198', 'Zaki Ramadhan', 'L', 'Malang', '2012-05-19', 'Jl. Blimbing No. 28, Malang', 'Agus Nasution', 'Polri', 'Amalia Purnomo', 'Karyawan Swasta', '081212955379', 195, 'Aktif'),
('00812345199', 'Wati Saputra', 'P', 'Malang', '2013-08-04', 'Jl. Ijen No. 76, Malang', 'Hendra Firmansyah', 'Polri', 'Keysha Budiman', 'Supir', '081665602295', 170, 'Aktif'),
('00812345200', 'Wahyu Susanto', 'L', 'Malang', '2012-11-16', 'Jl. Sulfat No. 24, Malang', 'Prasetyo Permana', 'Supir', 'Lestari Siregar', 'Supir', '081185153617', 264, 'Aktif'),
('00812345201', 'Siti Wahyudi', 'P', 'Malang', '2014-02-10', 'Jl. Kawi No. 59, Malang', 'Dimas Nugroho', 'Dosen', 'Khadijah Siregar', 'Nelayan', '081101509542', 162, 'Aktif'),
('00812345202', 'Bambang Wahyudi', 'L', 'Malang', '2010-09-20', 'Jl. Borobudur No. 78, Malang', 'Syarif Raharjo', 'Arsitek', 'Dian Siregar', 'Petani', '081159108267', 291, 'Aktif'),
('00812345203', 'Joko Wahyudi', 'L', 'Malang', '2012-09-07', 'Jl. Sukarno Hatta No. 70, Malang', 'Fajar Sutrisno', 'Buruh', 'Rini Ramadhan', 'Perawat', '081741345081', 188, 'Aktif'),
('00812345204', 'Fatmawati Pohan', 'P', 'Malang', '2013-08-11', 'Jl. Sukarno Hatta No. 55, Malang', 'Agus Pohan', 'Nelayan', 'Aura Hidayatullah', 'Buruh', '081982598064', 184, 'Aktif'),
('00812345205', 'Zahra Gunawan', 'P', 'Malang', '2012-10-14', 'Jl. Arjosari No. 54, Malang', 'Dedi Purnomo', 'Dokter', 'Rina Saputra', 'Pilot', '081446087539', 300, 'Aktif'),
('00812345206', 'Wati Pratama', 'P', 'Malang', '2011-12-10', 'Jl. Sukarno Hatta No. 99, Malang', 'Hadi Ginting', 'Pilot', 'Hana Saputra', 'Arsitek', '081274232041', 308, 'Aktif'),
('00812345207', 'Safira Firmansyah', 'P', 'Malang', '2014-01-26', 'Jl. Ijen No. 83, Malang', 'Lukman Ginting', 'Nelayan', 'Putri Hidayatullah', 'Buruh', '081520178335', 320, 'Aktif'),
('00812345208', 'Maya Wahyudi', 'P', 'Malang', '2011-08-20', 'Jl. Dinoyo No. 37, Malang', 'Rizky Firmansyah', 'PNS', 'Sri Purnomo', 'Supir', '081866590687', 293, 'Aktif'),
('00812345209', 'Agus Gunawan', 'L', 'Malang', '2014-07-23', 'Jl. Sukarno Hatta No. 19, Malang', 'Fauzan Nugroho', 'TNI', 'Sari Lubis', 'Buruh', '081114907713', 284, 'Aktif'),
('00812345210', 'Rizky Gunawan', 'L', 'Malang', '2014-09-08', 'Jl. Sawojajar No. 16, Malang', 'Budi Permana', 'Nelayan', 'Maya Hidayat', 'Petani', '081472615146', 158, 'Aktif'),
('00812345211', 'Lutfia Setiawan', 'P', 'Malang', '2013-01-11', 'Jl. Langsep No. 33, Malang', 'Yanto Sutrisno', 'Dosen', 'Sri Santoso', 'Petani', '081744431256', 344, 'Aktif'),
('00812345212', 'Dewi Firmansyah', 'P', 'Malang', '2010-08-15', 'Jl. Blimbing No. 21, Malang', 'Rian Hidayatullah', 'Dokter', 'Maryam Sutrisno', 'Pilot', '081799953048', 138, 'Aktif'),
('00812345213', 'Zulkifli Nasution', 'L', 'Malang', '2010-10-25', 'Jl. Langsep No. 65, Malang', 'Zaki Nasution', 'Satpam', 'Dian Nasution', 'Guru', '081233509000', 191, 'Aktif'),
('00812345214', 'Zaki Lubis', 'L', 'Malang', '2014-08-28', 'Jl. Ijen No. 73, Malang', 'Teguh Lubis', 'Dosen', 'Khadijah Nasution', 'Wiraswasta', '081456111544', 341, 'Aktif'),
('00812345215', 'Lukman Lubis', 'L', 'Malang', '2010-11-01', 'Jl. Kawi No. 19, Malang', 'Rian Nasution', 'Wiraswasta', 'Salma Nasution', 'PNS', '081904279707', 183, 'Aktif'),
('00812345216', 'Tri Nasution', 'P', 'Malang', '2014-08-03', 'Jl. Borobudur No. 70, Malang', 'Zulkifli Santoso', 'Satpam', 'Maya Raharjo', 'PNS', '081692541027', 107, 'Aktif'),
('00812345217', 'Taufik Sitorus', 'L', 'Malang', '2010-08-10', 'Jl. Oro-oro Dowo No. 19, Malang', 'Lukman Wahyudi', 'Perawat', 'Dewi Pohan', 'Supir', '081554271897', 268, 'Aktif'),
('00812345218', 'Keysha Budiman', 'P', 'Malang', '2010-11-05', 'Jl. Blimbing No. 72, Malang', 'Umar Sutrisno', 'Satpam', 'Dewi Siregar', 'Dokter', '081946966938', 305, 'Aktif'),
('00812345219', 'Eko Lubis', 'L', 'Malang', '2012-09-18', 'Jl. Borobudur No. 68, Malang', 'Rudi Firmansyah', 'Supir', 'Aisyah Hidayat', 'Supir', '081228465391', 260, 'Aktif'),
('00812345220', 'Rini Pohan', 'P', 'Malang', '2010-07-04', 'Jl. Dinoyo No. 55, Malang', 'Sutrisno Wijaya', 'PNS', 'Khadijah Permana', 'Karyawan Swasta', '081808723931', 240, 'Aktif'),
('00812345221', 'Prasetyo Pohan', 'L', 'Malang', '2011-12-15', 'Jl. Langsep No. 51, Malang', 'Andi Pohan', 'Arsitek', 'Lestari Saputra', 'Supir', '081183685168', 296, 'Aktif'),
('00812345222', 'Fitri Siregar', 'P', 'Malang', '2012-03-02', 'Jl. Kawi No. 19, Malang', 'Budi Sitorus', 'Buruh', 'Putri Hidayatullah', 'Guru', '081297395204', 228, 'Aktif'),
('00812345223', 'Keysha Nugroho', 'P', 'Malang', '2011-06-24', 'Jl. Borobudur No. 47, Malang', 'Prasetyo Hidayatullah', 'Karyawan Swasta', 'Eka Siregar', 'Buruh', '081258463494', 275, 'Aktif'),
('00812345224', 'Sutrisno Ramadhan', 'L', 'Malang', '2011-02-25', 'Jl. Borobudur No. 44, Malang', 'Guntur Nasution', 'Pedagang', 'Salma Purnomo', 'Dokter', '081702715258', 103, 'Aktif'),
('00812345225', 'Hamzah Saputra', 'L', 'Malang', '2010-02-05', 'Jl. Semeru No. 7, Malang', 'Dani Pane', 'Dosen', 'Nur Purnomo', 'Petani', '081147754272', 272, 'Aktif'),
('00812345226', 'Amalia Firmansyah', 'P', 'Malang', '2010-12-21', 'Jl. Veteran No. 99, Malang', 'Andi Nugroho', 'Buruh', 'Eka Permana', 'Karyawan Swasta', '081221509881', 196, 'Dikeluarkan'),
('00812345227', 'Syarif Lubis', 'L', 'Malang', '2012-10-21', 'Jl. Kawi No. 24, Malang', 'Bayu Pratama', 'Dokter', 'Putri Siregar', 'TNI', '081464934648', 317, 'Aktif'),
('00812345228', 'Fitri Pohan', 'P', 'Malang', '2011-05-13', 'Jl. Galunggung No. 62, Malang', 'Iwan Gunawan', 'Pilot', 'Siti Hidayatullah', 'TNI', '081251426083', 181, 'Aktif'),
('00812345229', 'Taufik Budiman', 'L', 'Malang', '2012-08-26', 'Jl. Sulfat No. 46, Malang', 'Agus Siregar', 'Polri', 'Dian Hidayat', 'Petani', '081299083336', 122, 'Aktif'),
('00812345230', 'Eka Nugroho', 'P', 'Malang', '2013-01-26', 'Jl. Dinoyo No. 55, Malang', 'Sutrisno Wijaya', 'PNS', 'Khadijah Permana', 'Karyawan Swasta', '081808723931', 240, 'Aktif'),
('00812345231', 'Rudi Purnomo', 'L', 'Malang', '2010-06-27', 'Jl. Borobudur No. 32, Malang', 'Lukman Saputra', 'Polri', 'Ani Nugroho', 'Buruh', '081975726196', 254, 'Aktif'),
('00812345232', 'Taufik Nasution', 'L', 'Malang', '2012-08-20', 'Jl. Semeru No. 72, Malang', 'Guntur Sitorus', 'PNS', 'Dian Pane', 'Perawat', '081638684424', 208, 'Aktif'),
('00812345233', 'Ratna Permana', 'P', 'Malang', '2011-11-19', 'Jl. Ijen No. 6, Malang', 'Fajar Nugroho', 'Supir', 'Maryam Hidayatullah', 'Buruh', '081965906623', 216, 'Aktif'),
('00812345234', 'Safira Hidayatullah', 'P', 'Malang', '2011-01-25', 'Jl. Arjosari No. 46, Malang', 'Aris Santoso', 'Supir', 'Linda Hidayat', 'Pilot', '081300256982', 279, 'Aktif'),
('00812345235', 'Salma Kusuma', 'P', 'Malang', '2011-08-05', 'Jl. Veteran No. 97, Malang', 'Ridwan Pane', 'Wiraswasta', 'Fatmawati Permana', 'Dosen', '081945099919', 189, 'Aktif'),
('00812345236', 'Budi Hidayat', 'L', 'Malang', '2011-04-08', 'Jl. Sawojajar No. 27, Malang', 'Rudi Raharjo', 'Perawat', 'Salma Wibowo', 'Guru', '081958625545', 227, 'Aktif'),
('00812345237', 'Husain Hidayat', 'L', 'Malang', '2012-05-12', 'Jl. Galunggung No. 70, Malang', 'Wahyu Santoso', 'Satpam', 'Salma Pane', 'Petani', '081343294671', 173, 'Aktif'),
('00812345238', 'Siska Siregar', 'P', 'Malang', '2013-05-03', 'Jl. Galunggung No. 93, Malang', 'Joko Sutrisno', 'Pedagang', 'Maya Siregar', 'Satpam', '081437223870', 209, 'Aktif'),
('00812345239', 'Yanto Lubis', 'L', 'Malang', '2013-04-03', 'Jl. Ijen No. 87, Malang', 'Bambang Gunawan', 'Polri', 'Yuliana Saputra', 'Satpam', '081485923623', 330, 'Aktif'),
('00812345240', 'Lestari Budiman', 'P', 'Malang', '2012-01-21', 'Jl. Sawojajar No. 45, Malang', 'Rizky Permana', 'TNI', 'Nabila Pane', 'Satpam', '081169557448', 331, 'Aktif'),
('00812345241', 'Hamzah Ramadhan', 'L', 'Malang', '2010-09-26', 'Jl. Langsep No. 50, Malang', 'Hendra Budiman', 'Arsitek', 'Lestari Wibowo', 'Polri', '081423123273', 242, 'Aktif'),
('00812345242', 'Wawan Nugroho', 'L', 'Malang', '2013-08-27', 'Jl. Veteran No. 5, Malang', 'Yanto Ginting', 'Dosen', 'Linda Pane', 'Polri', '081850546472', 144, 'Aktif'),
('00812345243', 'Rudi Susanto', 'L', 'Malang', '2012-06-07', 'Jl. Borobudur No. 46, Malang', 'Zaki Hidayat', 'Karyawan Swasta', 'Wati Siregar', 'Satpam', '081998418573', 217, 'Aktif'),
('00812345244', 'Dani Pane', 'L', 'Malang', '2011-09-26', 'Jl. Langsep No. 47, Malang', 'Umar Hidayat', 'Pedagang', 'Dewi Nugroho', 'Buruh', '081158327091', 233, 'Aktif'),
('00812345245', 'Ahmad Nasution', 'L', 'Malang', '2010-05-10', 'Jl. Sulfat No. 38, Malang', 'Umar Setiawan', 'Perawat', 'Sri Ginting', 'Wiraswasta', '081416087233', 252, 'Aktif'),
('00812345246', 'Yuliana Wijaya', 'P', 'Malang', '2011-02-24', 'Jl. Sawojajar No. 45, Malang', 'Rizky Permana', 'TNI', 'Nabila Pane', 'Satpam', '081169557448', 331, 'Aktif'),
('00812345247', 'Ratna Firmansyah', 'P', 'Malang', '2014-02-19', 'Jl. Oro-oro Dowo No. 20, Malang', 'Sutrisno Wahyudi', 'Buruh', 'Keysha Nasution', 'Pedagang', '081327914092', 230, 'Aktif'),
('00812345248', 'Andi Ramadhan', 'L', 'Malang', '2011-10-27', 'Jl. Sulfat No. 2, Malang', 'Bayu Wahyudi', 'Pedagang', 'Hana Permana', 'Arsitek', '081268162425', 111, 'Aktif'),
('00812345249', 'Kartika Pane', 'P', 'Malang', '2011-02-07', 'Jl. Blimbing No. 72, Malang', 'Umar Sutrisno', 'Satpam', 'Dewi Siregar', 'Dokter', '081946966938', 305, 'Aktif'),
('00812345250', 'Slamet Ginting', 'L', 'Malang', '2013-11-13', 'Jl. Veteran No. 3, Malang', 'Lukman Purnomo', 'Wiraswasta', 'Amalia Saputra', 'Karyawan Swasta', '081162975514', 342, 'Aktif'),
('00812345251', 'Aris Susanto', 'L', 'Malang', '2010-06-16', 'Jl. Sawojajar No. 27, Malang', 'Rudi Raharjo', 'Perawat', 'Salma Wibowo', 'Guru', '081958625545', 227, 'Aktif'),
('00812345252', 'Aditya Saputra', 'L', 'Malang', '2012-05-02', 'Jl. Sulfat No. 41, Malang', 'Hendra Pohan', 'Pilot', 'Maryam Permana', 'Perawat', '081198438952', 224, 'Aktif'),
('00812345253', 'Wahyu Kusuma', 'L', 'Malang', '2012-09-08', 'Jl. Semeru No. 31, Malang', 'Yanto Firmansyah', 'Dosen', 'Lutfia Purnomo', 'Guru', '081218714452', 282, 'Aktif'),
('00812345254', 'Slamet Permana', 'L', 'Malang', '2010-11-04', 'Jl. Oro-oro Dowo No. 26, Malang', 'Syarif Ramadhan', 'Dosen', 'Widya Sitorus', 'Polri', '081145099033', 306, 'Aktif'),
('00812345255', 'Nabila Siregar', 'P', 'Malang', '2014-05-07', 'Jl. Blimbing No. 35, Malang', 'Teguh Purnomo', 'Nelayan', 'Ratna Santoso', 'Arsitek', '081853199316', 135, 'Aktif'),
('00812345256', 'Aisyah Sutrisno', 'P', 'Malang', '2011-10-09', 'Jl. Blimbing No. 81, Malang', 'Hasan Pratama', 'PNS', 'Widya Raharjo', 'Dosen', '081978257845', 117, 'Aktif'),
('00812345257', 'Aditya Ginting', 'L', 'Malang', '2014-08-02', 'Jl. Oro-oro Dowo No. 1, Malang', 'Teguh Santoso', 'Pilot', 'Dian Wijaya', 'Pilot', '081131499558', 120, 'Aktif'),
('00812345258', 'Wahyu Hidayatullah', 'L', 'Malang', '2013-05-25', 'Jl. Kawi No. 18, Malang', 'Indra Siregar', 'Buruh', 'Khadijah Nugroho', 'Dokter', '081290983131', 298, 'Aktif'),
('00812345259', 'Nabila Susanto', 'P', 'Malang', '2010-12-12', 'Jl. Sukarno Hatta No. 33, Malang', 'Sutrisno Gunawan', 'Satpam', 'Wati Setiawan', 'Supir', '081884343789', 307, 'Aktif'),
('00812345260', 'Fitri Sitorus', 'P', 'Malang', '2014-05-15', 'Jl. Galunggung No. 6, Malang', 'Syarif Wibowo', 'Satpam', 'Dian Saputra', 'Karyawan Swasta', '081380371957', 346, 'Aktif'),
('00812345261', 'Zahra Hidayat', 'P', 'Malang', '2011-07-05', 'Jl. Langsep No. 64, Malang', 'Joko Purnomo', 'Polri', 'Hana Saputra', 'Guru', '081432353619', 108, 'Aktif'),
('00812345262', 'Rizky Permana', 'L', 'Malang', '2010-12-07', 'Jl. Kawi No. 28, Malang', 'Dedi Nasution', 'Dosen', 'Sari Hidayat', 'Supir', '081990298803', 174, 'Aktif'),
('00812345263', 'Hasan Raharjo', 'L', 'Malang', '2011-12-20', 'Jl. Arjosari No. 2, Malang', 'Ali Purnomo', 'Arsitek', 'Yuliana Siregar', 'Arsitek', '081789729664', 221, 'Aktif'),
('00812345264', 'Agus Ginting', 'L', 'Malang', '2010-11-11', 'Jl. Veteran No. 67, Malang', 'Sutrisno Ginting', 'Supir', 'Salma Setiawan', 'Dosen', '081682899381', 164, 'Aktif'),
('00812345265', 'Zulkifli Setiawan', 'L', 'Malang', '2011-03-09', 'Jl. Kawi No. 19, Malang', 'Aditya Pohan', 'Petani', 'Widya Ginting', 'Pedagang', '081727631962', 314, 'Aktif'),
('00812345266', 'Rini Nasution', 'P', 'Malang', '2013-10-27', 'Jl. Kawi No. 19, Malang', 'Budi Sitorus', 'Buruh', 'Putri Hidayatullah', 'Guru', '081297395204', 228, 'Aktif'),
('00812345267', 'Siti Budiman', 'P', 'Malang', '2012-01-27', 'Jl. Borobudur No. 92, Malang', 'Budi Permana', 'Dokter', 'Eka Ginting', 'Dokter', '081336802035', 150, 'Aktif'),
('00812345268', 'Sari Nasution', 'P', 'Malang', '2010-12-12', 'Jl. Langsep No. 15, Malang', 'Ahmad Lubis', 'Polri', 'Fitri Siregar', 'Pedagang', '081448662085', 265, 'Aktif'),
('00812345269', 'Aisyah Nasution', 'P', 'Malang', '2012-07-09', 'Jl. Sukarno Hatta No. 17, Malang', 'Joko Wibowo', 'Arsitek', 'Putri Santoso', 'Wiraswasta', '081225606105', 160, 'Aktif'),
('00812345270', 'Bayu Ramadhan', 'L', 'Malang', '2012-04-14', 'Jl. Dinoyo No. 37, Malang', 'Rizky Firmansyah', 'PNS', 'Sri Purnomo', 'Supir', '081866590687', 293, 'Aktif'),
('00812345271', 'Nabila Gunawan', 'P', 'Malang', '2010-02-13', 'Jl. Arjosari No. 15, Malang', 'Dimas Hidayatullah', 'Wiraswasta', 'Utami Pratama', 'Dokter', '081764592576', 154, 'Keluar'),
('00812345272', 'Bambang Purnomo', 'L', 'Malang', '2012-11-05', 'Jl. Semeru No. 39, Malang', 'Syarif Setiawan', 'PNS', 'Keysha Wahyudi', 'Dosen', '081897580666', 222, 'Aktif'),
('00812345273', 'Aisyah Setiawan', 'P', 'Malang', '2010-12-07', 'Jl. Ijen No. 34, Malang', 'Guntur Siregar', 'Buruh', 'Amalia Wahyudi', 'Satpam', '081691975850', 132, 'Aktif'),
('00812345274', 'Syarif Siregar', 'L', 'Malang', '2013-08-19', 'Jl. Sulfat No. 98, Malang', 'Sutrisno Wibowo', 'Perawat', 'Ratna Pratama', 'Guru', '081152184434', 328, 'Aktif'),
('00812345275', 'Zahra Hidayatullah', 'P', 'Malang', '2010-05-03', 'Jl. Sukarno Hatta No. 16, Malang', 'Eko Pratama', 'TNI', 'Keysha Sitorus', 'Pedagang', '081174021459', 147, 'Aktif'),
('00812345276', 'Dian Wibowo', 'P', 'Malang', '2011-04-13', 'Jl. Langsep No. 15, Malang', 'Ahmad Lubis', 'Polri', 'Fitri Siregar', 'Pedagang', '081448662085', 265, 'Aktif'),
('00812345277', 'Nabila Setiawan', 'P', 'Malang', '2011-04-19', 'Jl. Blimbing No. 12, Malang', 'Rian Susanto', 'Nelayan', 'Lutfia Nugroho', 'Dosen', '081855194167', 152, 'Aktif'),
('00812345278', 'Nur Purnomo', 'P', 'Malang', '2012-06-24', 'Jl. Borobudur No. 44, Malang', 'Guntur Nasution', 'Pedagang', 'Salma Purnomo', 'Dokter', '081702715258', 103, 'Aktif'),
('00812345279', 'Ahmad Wijaya', 'L', 'Malang', '2011-07-16', 'Jl. Arjosari No. 7, Malang', 'Eko Raharjo', 'Dokter', 'Amalia Raharjo', 'Guru', '081861609663', 143, 'Aktif'),
('00812345280', 'Aris Hidayatullah', 'L', 'Malang', '2011-03-05', 'Jl. Arjosari No. 79, Malang', 'Hendra Gunawan', 'Dokter', 'Khadijah Firmansyah', 'TNI', '081723364443', 326, 'Aktif'),
('00812345281', 'Keysha Purnomo', 'P', 'Malang', '2010-05-08', 'Jl. Sawojajar No. 56, Malang', 'Prasetyo Nugroho', 'Petani', 'Zahra Sutrisno', 'Guru', '081123076476', 106, 'Aktif'),
('00812345282', 'Hana Purnomo', 'P', 'Malang', '2010-02-28', 'Jl. Blimbing No. 18, Malang', 'Budi Susanto', 'TNI', 'Lutfia Saputra', 'Nelayan', '081754432603', 213, 'Aktif'),
('00812345283', 'Amalia Firmansyah', 'P', 'Malang', '2010-01-06', 'Jl. Oro-oro Dowo No. 50, Malang', 'Indra Sutrisno', 'Karyawan Swasta', 'Siska Sutrisno', 'Pilot', '081242133460', 153, 'Aktif'),
('00812345284', 'Indra Wijaya', 'L', 'Malang', '2013-12-25', 'Jl. Langsep No. 23, Malang', 'Wawan Gunawan', 'Wiraswasta', 'Linda Ginting', 'Buruh', '081688157983', 171, 'Aktif'),
('00812345285', 'Widya Firmansyah', 'P', 'Malang', '2010-12-18', 'Jl. Langsep No. 97, Malang', 'Agus Ginting', 'Guru', 'Dian Wibowo', 'TNI', '081421882191', 274, 'Aktif'),
('00812345286', 'Ani Susanto', 'P', 'Malang', '2011-09-21', 'Jl. Langsep No. 47, Malang', 'Bayu Ramadhan', 'TNI', 'Lestari Purnomo', 'Arsitek', '081244818343', 276, 'Aktif'),
('00812345287', 'Umar Budiman', 'L', 'Malang', '2010-02-06', 'Jl. Blimbing No. 64, Malang', 'Surya Purnomo', 'Supir', 'Siti Siregar', 'Supir', '081424098638', 110, 'Aktif'),
('00812345288', 'Ani Nasution', 'P', 'Malang', '2012-05-09', 'Jl. Sulfat No. 51, Malang', 'Ali Pane', 'Karyawan Swasta', 'Aisyah Budiman', 'Pilot', '081636839633', 234, 'Aktif'),
('00812345289', 'Keysha Pratama', 'P', 'Malang', '2011-11-14', 'Jl. Blimbing No. 13, Malang', 'Joko Kusuma', 'TNI', 'Linda Hidayatullah', 'Satpam', '081303895606', 267, 'Aktif'),
('00812345290', 'Amalia Pratama', 'P', 'Malang', '2011-07-06', 'Jl. Sulfat No. 99, Malang', 'Dani Nugroho', 'PNS', 'Amalia Budiman', 'Petani', '081663488313', 137, 'Aktif'),
('00812345291', 'Prasetyo Nugroho', 'L', 'Malang', '2010-04-22', 'Jl. Arjosari No. 71, Malang', 'Eko Pohan', 'Wiraswasta', 'Ratna Siregar', 'Wiraswasta', '081341197096', 187, 'Aktif'),
('00812345292', 'Yanto Pratama', 'L', 'Malang', '2014-02-05', 'Jl. Galunggung No. 26, Malang', 'Umar Susanto', 'Supir', 'Safira Wibowo', 'Dokter', '081577183160', 335, 'Aktif'),
('00812345293', 'Dani Santoso', 'L', 'Malang', '2014-02-16', 'Jl. Ijen No. 50, Malang', 'Slamet Pratama', 'Karyawan Swasta', 'Hana Ginting', 'Petani', '081820244177', 113, 'Aktif'),
('00812345294', 'Umar Pane', 'L', 'Malang', '2011-06-24', 'Jl. Sukarno Hatta No. 13, Malang', 'Yahya Ginting', 'Arsitek', 'Ratna Susanto', 'Pilot', '081137624037', 159, 'Aktif'),
('00812345295', 'Eka Purnomo', 'P', 'Malang', '2010-03-17', 'Jl. Oro-oro Dowo No. 27, Malang', 'Rian Lubis', 'PNS', 'Ani Kusuma', 'Guru', '081871825062', 142, 'Aktif'),
('00812345296', 'Rizky Ramadhan', 'L', 'Malang', '2012-02-03', 'Jl. Sulfat No. 98, Malang', 'Sutrisno Wibowo', 'Perawat', 'Ratna Pratama', 'Guru', '081152184434', 328, 'Aktif'),
('00812345297', 'Rizky Nasution', 'L', 'Malang', '2013-01-22', 'Jl. Sawojajar No. 39, Malang', 'Rian Permana', 'Dokter', 'Indah Purnomo', 'PNS', '081999230053', 207, 'Aktif'),
('00812345298', 'Linda Sitorus', 'P', 'Malang', '2012-12-21', 'Jl. Kawi No. 67, Malang', 'Ridwan Setiawan', 'Wiraswasta', 'Maryam Raharjo', 'Guru', '081564195059', 285, 'Aktif'),
('00812345299', 'Maryam Pratama', 'P', 'Malang', '2013-01-03', 'Jl. Oro-oro Dowo No. 50, Malang', 'Indra Sutrisno', 'Karyawan Swasta', 'Siska Sutrisno', 'Pilot', '081242133460', 153, 'Aktif'),
('00812345300', 'Rudi Hidayat', 'L', 'Malang', '2011-06-27', 'Jl. Oro-oro Dowo No. 95, Malang', 'Andi Nasution', 'Supir', 'Lutfia Gunawan', 'Pedagang', '081638927132', 229, 'Aktif'),
('00812345301', 'Dimas Pohan', 'L', 'Malang', '2011-04-19', 'Jl. Sawojajar No. 10, Malang', 'Wawan Hidayatullah', 'Pilot', 'Siti Kusuma', 'Arsitek', '081613455701', 266, 'Aktif'),
('00812345302', 'Fitri Sitorus', 'P', 'Malang', '2013-08-14', 'Jl. Ijen No. 60, Malang', 'Fauzan Firmansyah', 'Supir', 'Nur Budiman', 'Dokter', '081971150734', 244, 'Aktif'),
('00812345303', 'Nur Pohan', 'P', 'Malang', '2013-12-20', 'Jl. Dinoyo No. 55, Malang', 'Sutrisno Wijaya', 'PNS', 'Khadijah Permana', 'Karyawan Swasta', '081808723931', 240, 'Aktif'),
('00812345304', 'Zahra Nugroho', 'P', 'Malang', '2010-12-20', 'Jl. Veteran No. 91, Malang', 'Iwan Purnomo', 'PNS', 'Wati Wijaya', 'Karyawan Swasta', '081237535689', 232, 'Aktif'),
('00812345305', 'Rini Pane', 'P', 'Malang', '2010-10-13', 'Jl. Arjosari No. 82, Malang', 'Umar Ramadhan', 'Arsitek', 'Indah Wijaya', 'Nelayan', '081950640483', 175, 'Aktif'),
('00812345306', 'Dian Hidayat', 'P', 'Malang', '2011-02-12', 'Jl. Oro-oro Dowo No. 16, Malang', 'Bambang Kusuma', 'Karyawan Swasta', 'Maya Ginting', 'Nelayan', '081249526245', 124, 'Aktif'),
('00812345307', 'Nabila Nasution', 'P', 'Malang', '2011-02-06', 'Jl. Veteran No. 41, Malang', 'Ahmad Purnomo', 'Buruh', 'Yuliana Wijaya', 'Satpam', '081698754582', 327, 'Aktif'),
('00812345308', 'Lestari Pratama', 'P', 'Malang', '2010-11-04', 'Jl. Borobudur No. 17, Malang', 'Husain Hidayat', 'Nelayan', 'Widya Setiawan', 'Perawat', '081766205966', 295, 'Aktif'),
('00812345309', 'Yahya Susanto', 'L', 'Malang', '2012-12-09', 'Jl. Borobudur No. 73, Malang', 'Wawan Wahyudi', 'Satpam', 'Nabila Ginting', 'Arsitek', '081724826750', 334, 'Aktif'),
('00812345310', 'Slamet Wibowo', 'L', 'Malang', '2013-04-11', 'Jl. Langsep No. 82, Malang', 'Iwan Sutrisno', 'Buruh', 'Dewi Santoso', 'Arsitek', '081323873467', 139, 'Aktif'),
('00812345311', 'Salma Permana', 'P', 'Malang', '2010-09-02', 'Jl. Oro-oro Dowo No. 69, Malang', 'Rizky Pane', 'Wiraswasta', 'Tri Wibowo', 'Guru', '081183337723', 190, 'Aktif'),
('00812345312', 'Agus Raharjo', 'L', 'Malang', '2014-06-08', 'Jl. Borobudur No. 13, Malang', 'Husain Pratama', 'Pilot', 'Widya Pane', 'Buruh', '081417382713', 278, 'Aktif'),
('00812345313', 'Mega Ramadhan', 'P', 'Malang', '2010-10-14', 'Jl. Veteran No. 40, Malang', 'Dedi Firmansyah', 'Polri', 'Rina Santoso', 'PNS', '081215481795', 255, 'Aktif'),
('00812345314', 'Guntur Sitorus', 'L', 'Malang', '2012-07-07', 'Jl. Galunggung No. 17, Malang', 'Aditya Ginting', 'Buruh', 'Fatmawati Firmansyah', 'Polri', '081642148092', 225, 'Aktif'),
('00812345315', 'Wahyu Nasution', 'L', 'Malang', '2013-01-20', 'Jl. Arjosari No. 74, Malang', 'Umar Nugroho', 'Buruh', 'Rina Ramadhan', 'TNI', '081826799726', 283, 'Aktif'),
('00812345316', 'Syarif Ramadhan', 'L', 'Malang', '2013-03-02', 'Jl. Blimbing No. 35, Malang', 'Teguh Purnomo', 'Nelayan', 'Ratna Santoso', 'Arsitek', '081853199316', 135, 'Aktif'),
('00812345317', 'Eko Hidayat', 'L', 'Malang', '2010-02-13', 'Jl. Arjosari No. 64, Malang', 'Aditya Sitorus', 'Supir', 'Keysha Sitorus', 'Dokter', '081721482354', 338, 'Aktif'),
('00812345318', 'Hendra Hidayat', 'L', 'Malang', '2011-11-05', 'Jl. Arjosari No. 12, Malang', 'Husain Siregar', 'Petani', 'Maryam Sitorus', 'Buruh', '081240350331', 286, 'Aktif'),
('00812345319', 'Khadijah Hidayatullah', 'P', 'Malang', '2010-11-14', 'Jl. Veteran No. 48, Malang', 'Aditya Ginting', 'Wiraswasta', 'Rina Siregar', 'Arsitek', '081915751236', 185, 'Aktif'),
('00812345320', 'Ani Ginting', 'P', 'Malang', '2012-06-17', 'Jl. Sulfat No. 98, Malang', 'Fauzan Raharjo', 'Pilot', 'Aura Santoso', 'Buruh', '081104445978', 136, 'Aktif'),
('00812345321', 'Rian Setiawan', 'L', 'Malang', '2012-06-09', 'Jl. Veteran No. 82, Malang', 'Dani Nugroho', 'Pedagang', 'Khadijah Nasution', 'Dosen', '081269422707', 193, 'Aktif'),
('00812345322', 'Nabila Permana', 'P', 'Malang', '2012-09-03', 'Jl. Veteran No. 57, Malang', 'Hamzah Purnomo', 'PNS', 'Dewi Susanto', 'Perawat', '081290991534', 168, 'Aktif'),
('00812345323', 'Wahyu Santoso', 'L', 'Malang', '2014-11-17', 'Jl. Sulfat No. 51, Malang', 'Wahyu Santoso', 'Guru', 'Indah Setiawan', 'Wiraswasta', '081847442054', 290, 'Aktif'),
('00812345324', 'Indah Setiawan', 'P', 'Malang', '2010-12-17', 'Jl. Oro-oro Dowo No. 27, Malang', 'Rian Lubis', 'PNS', 'Ani Kusuma', 'Guru', '081871825062', 142, 'Aktif'),
('00812345325', 'Nur Wibowo', 'P', 'Malang', '2011-05-25', 'Jl. Veteran No. 82, Malang', 'Dani Nugroho', 'Pedagang', 'Khadijah Nasution', 'Dosen', '081269422707', 193, 'Aktif'),
('00812345326', 'Ratna Pratama', 'P', 'Malang', '2012-02-18', 'Jl. Veteran No. 92, Malang', 'Lukman Lubis', 'Petani', 'Nabila Ginting', 'Perawat', '081793859016', 271, 'Aktif'),
('00812345327', 'Zulkifli Gunawan', 'L', 'Malang', '2012-10-24', 'Jl. Arjosari No. 82, Malang', 'Fauzan Saputra', 'Buruh', 'Linda Kusuma', 'TNI', '081497875662', 325, 'Aktif'),
('00812345328', 'Fajar Santoso', 'L', 'Malang', '2014-09-09', 'Jl. Sulfat No. 94, Malang', 'Joko Susanto', 'Guru', 'Widya Hidayat', 'Petani', '081756881378', 121, 'Aktif'),
('00812345329', 'Ratna Hidayat', 'P', 'Malang', '2012-09-28', 'Jl. Borobudur No. 51, Malang', 'Dedi Gunawan', 'Nelayan', 'Keysha Santoso', 'Arsitek', '081868304336', 145, 'Aktif'),
('00812345330', 'Putri Budiman', 'P', 'Malang', '2014-08-26', 'Jl. Ijen No. 50, Malang', 'Slamet Pratama', 'Karyawan Swasta', 'Hana Ginting', 'Petani', '081820244177', 113, 'Aktif'),
('00812345331', 'Rian Pratama', 'L', 'Malang', '2013-11-18', 'Jl. Blimbing No. 83, Malang', 'Rizky Ramadhan', 'Pedagang', 'Linda Hidayatullah', 'Pedagang', '081731226686', 316, 'Aktif'),
('00812345332', 'Aris Budiman', 'L', 'Malang', '2011-12-02', 'Jl. Arjosari No. 82, Malang', 'Umar Ramadhan', 'Arsitek', 'Indah Wijaya', 'Nelayan', '081950640483', 175, 'Aktif'),
('00812345333', 'Indah Budiman', 'P', 'Malang', '2014-11-24', 'Jl. Ijen No. 50, Malang', 'Slamet Pratama', 'Karyawan Swasta', 'Hana Ginting', 'Petani', '081820244177', 113, 'Aktif'),
('00812345334', 'Ridwan Susanto', 'L', 'Malang', '2013-09-23', 'Jl. Sawojajar No. 13, Malang', 'Guntur Sitorus', 'Petani', 'Khadijah Pohan', 'TNI', '081604125888', 134, 'Aktif'),
('00812345335', 'Ridwan Pane', 'L', 'Malang', '2014-11-17', 'Jl. Sukarno Hatta No. 55, Malang', 'Agus Pohan', 'Nelayan', 'Aura Hidayatullah', 'Buruh', '081982598064', 184, 'Aktif'),
('00812345336', 'Nabila Nasution', 'P', 'Malang', '2011-02-11', 'Jl. Dinoyo No. 96, Malang', 'Ahmad Wijaya', 'Petani', 'Aisyah Wahyudi', 'Petani', '081532702741', 192, 'Aktif'),
('00812345337', 'Sri Santoso', 'P', 'Malang', '2011-06-05', 'Jl. Sukarno Hatta No. 27, Malang', 'Wawan Sutrisno', 'Pilot', 'Ratna Wibowo', 'TNI', '081307140740', 273, 'Aktif'),
('00812345338', 'Aura Hidayatullah', 'P', 'Malang', '2014-03-05', 'Jl. Kawi No. 30, Malang', 'Dani Budiman', 'Arsitek', 'Siti Wijaya', 'Guru', '081936187559', 239, 'Aktif'),
('00812345339', 'Surya Pratama', 'L', 'Malang', '2014-11-03', 'Jl. Langsep No. 99, Malang', 'Wahyu Budiman', 'Guru', 'Hana Firmansyah', 'Petani', '081819804702', 262, 'Aktif'),
('00812345340', 'Maryam Wahyudi', 'P', 'Malang', '2010-10-07', 'Jl. Oro-oro Dowo No. 72, Malang', 'Rian Gunawan', 'Satpam', 'Sari Nasution', 'Buruh', '081581884910', 301, 'Aktif'),
('00812345341', 'Putri Pohan', 'P', 'Malang', '2010-01-25', 'Jl. Semeru No. 24, Malang', 'Aris Sutrisno', 'Petani', 'Yuliana Purnomo', 'Pedagang', '081857265369', 321, 'Aktif'),
('00812345342', 'Rini Wijaya', 'P', 'Malang', '2010-03-15', 'Jl. Veteran No. 14, Malang', 'Rudi Saputra', 'TNI', 'Ratna Nugroho', 'Petani', '081906661089', 241, 'Aktif'),
('00812345343', 'Lutfia Hidayat', 'P', 'Malang', '2010-04-13', 'Jl. Blimbing No. 18, Malang', 'Budi Susanto', 'TNI', 'Lutfia Saputra', 'Nelayan', '081754432603', 213, 'Aktif'),
('00812345344', 'Eko Wijaya', 'L', 'Malang', '2010-08-09', 'Jl. Oro-oro Dowo No. 1, Malang', 'Teguh Santoso', 'Pilot', 'Dian Wijaya', 'Pilot', '081131499558', 120, 'Aktif'),
('00812345345', 'Dian Kusuma', 'P', 'Malang', '2011-06-08', 'Jl. Arjosari No. 34, Malang', 'Iwan Purnomo', 'Supir', 'Linda Hidayatullah', 'Dosen', '081583258261', 169, 'Aktif'),
('00812345346', 'Bayu Wibowo', 'L', 'Malang', '2013-12-25', 'Jl. Semeru No. 7, Malang', 'Ridwan Wibowo', 'Wiraswasta', 'Widya Setiawan', 'Pedagang', '081275707024', 112, 'Aktif'),
('00812345347', 'Yuliana Ginting', 'P', 'Malang', '2010-12-10', 'Jl. Veteran No. 18, Malang', 'Andi Nasution', 'Petani', 'Dian Sutrisno', 'Dosen', '081347577516', 258, 'Aktif'),
('00812345348', 'Iwan Permana', 'L', 'Malang', '2011-08-12', 'Jl. Sukarno Hatta No. 58, Malang', 'Agus Sitorus', 'Petani', 'Indah Hidayatullah', 'Pedagang', '081433429877', 200, 'Aktif'),
('00812345349', 'Yuliana Saputra', 'P', 'Malang', '2013-05-27', 'Jl. Kawi No. 36, Malang', 'Fauzan Sutrisno', 'Wiraswasta', 'Salma Gunawan', 'Pedagang', '081709160350', 292, 'Aktif'),
('00812345350', 'Surya Setiawan', 'L', 'Malang', '2011-12-01', 'Jl. Veteran No. 38, Malang', 'Aris Kusuma', 'Satpam', 'Kartika Hidayatullah', 'Supir', '081668379864', 101, 'Aktif'),
('00812345351', 'Rian Gunawan', 'L', 'Malang', '2014-10-28', 'Jl. Arjosari No. 48, Malang', 'Eko Nugroho', 'Pedagang', 'Siti Wibowo', 'Nelayan', '081530278403', 118, 'Aktif'),
('00812345352', 'Sri Pane', 'P', 'Malang', '2014-01-24', 'Jl. Kawi No. 28, Malang', 'Dedi Nasution', 'Dosen', 'Sari Hidayat', 'Supir', '081990298803', 174, 'Aktif'),
('00812345353', 'Ali Santoso', 'L', 'Malang', '2012-08-10', 'Jl. Blimbing No. 83, Malang', 'Rizky Ramadhan', 'Pedagang', 'Linda Hidayatullah', 'Pedagang', '081731226686', 316, 'Aktif'),
('00812345354', 'Linda Purnomo', 'P', 'Malang', '2014-03-23', 'Jl. Oro-oro Dowo No. 4, Malang', 'Prasetyo Ramadhan', 'Supir', 'Putri Lubis', 'Polri', '081213001257', 333, 'Aktif'),
('00812345355', 'Rizky Gunawan', 'L', 'Malang', '2012-06-04', 'Jl. Sawojajar No. 65, Malang', 'Aditya Kusuma', 'Karyawan Swasta', 'Siska Siregar', 'Arsitek', '081952472061', 243, 'Aktif'),
('00812345356', 'Dani Lubis', 'L', 'Malang', '2013-07-17', 'Jl. Borobudur No. 61, Malang', 'Surya Wijaya', 'Perawat', 'Salma Wahyudi', 'Nelayan', '081771664067', 177, 'Aktif'),
('00812345357', 'Wahyu Siregar', 'L', 'Malang', '2014-09-24', 'Jl. Langsep No. 65, Malang', 'Zaki Nasution', 'Satpam', 'Dian Nasution', 'Guru', '081233509000', 191, 'Aktif'),
('00812345358', 'Syarif Susanto', 'L', 'Malang', '2011-05-02', 'Jl. Semeru No. 19, Malang', 'Wahyu Ginting', 'Pedagang', 'Utami Hidayatullah', 'Pedagang', '081274142847', 219, 'Aktif'),
('00812345359', 'Umar Pohan', 'L', 'Malang', '2012-06-06', 'Jl. Dinoyo No. 93, Malang', 'Zulkifli Wahyudi', 'Wiraswasta', 'Putri Kusuma', 'Polri', '081113285512', 215, 'Aktif'),
('00812345360', 'Putri Pohan', 'P', 'Malang', '2012-03-08', 'Jl. Kawi No. 46, Malang', 'Bambang Hidayat', 'PNS', 'Maryam Firmansyah', 'Supir', '081584372043', 155, 'Aktif'),
('00812345361', 'Joko Pohan', 'L', 'Malang', '2012-02-13', 'Jl. Arjosari No. 12, Malang', 'Husain Siregar', 'Petani', 'Maryam Sitorus', 'Buruh', '081240350331', 286, 'Aktif'),
('00812345362', 'Hadi Kusuma', 'L', 'Malang', '2014-07-21', 'Jl. Langsep No. 64, Malang', 'Joko Purnomo', 'Polri', 'Hana Saputra', 'Guru', '081432353619', 108, 'Aktif'),
('00812345363', 'Dimas Wijaya', 'L', 'Malang', '2013-03-01', 'Jl. Blimbing No. 12, Malang', 'Guntur Hidayatullah', 'PNS', 'Ani Permana', 'TNI', '081795303163', 167, 'Aktif'),
('00812345364', 'Fitri Ramadhan', 'P', 'Malang', '2011-03-05', 'Jl. Langsep No. 1, Malang', 'Zulkifli Susanto', 'Supir', 'Kartika Raharjo', 'Guru', '081263155318', 235, 'Aktif'),
('00812345365', 'Slamet Hidayatullah', 'L', 'Malang', '2012-05-25', 'Jl. Sawojajar No. 13, Malang', 'Rudi Purnomo', 'PNS', 'Siti Firmansyah', 'Pedagang', '081534877149', 226, 'Aktif'),
('00812345366', 'Indah Ginting', 'P', 'Malang', '2014-12-01', 'Jl. Ijen No. 73, Malang', 'Teguh Nasution', 'Pedagang', 'Ratna Siregar', 'Perawat', '081369504950', 204, 'Aktif'),
('00812345367', 'Hadi Wibowo', 'L', 'Malang', '2011-08-06', 'Jl. Sukarno Hatta No. 27, Malang', 'Wawan Sutrisno', 'Pilot', 'Ratna Wibowo', 'TNI', '081307140740', 273, 'Aktif'),
('00812345368', 'Maya Permana', 'P', 'Malang', '2013-12-06', 'Jl. Sawojajar No. 91, Malang', 'Joko Raharjo', 'TNI', 'Amalia Sutrisno', 'Arsitek', '081466615578', 156, 'Aktif'),
('00812345369', 'Siska Setiawan', 'P', 'Malang', '2010-04-09', 'Jl. Ijen No. 60, Malang', 'Fauzan Firmansyah', 'Supir', 'Nur Budiman', 'Dokter', '081971150734', 244, 'Aktif'),
('00812345370', 'Syarif Ginting', 'L', 'Malang', '2011-01-08', 'Jl. Galunggung No. 40, Malang', 'Fajar Hidayat', 'Arsitek', 'Rini Raharjo', 'Buruh', '081527776748', 287, 'Aktif'),
('00812345371', 'Mega Nasution', 'P', 'Malang', '2012-09-28', 'Jl. Sulfat No. 99, Malang', 'Dani Nugroho', 'PNS', 'Amalia Budiman', 'Petani', '081663488313', 137, 'Aktif'),
('00812345372', 'Zulkifli Permana', 'L', 'Malang', '2014-10-03', 'Jl. Sawojajar No. 27, Malang', 'Hamzah Hidayat', 'Buruh', 'Eka Wijaya', 'Arsitek', '081909551820', 304, 'Aktif'),
('00812345373', 'Maya Hidayatullah', 'P', 'Malang', '2012-01-20', 'Jl. Borobudur No. 57, Malang', 'Agus Gunawan', 'Buruh', 'Putri Nugroho', 'Satpam', '081389700416', 280, 'Aktif'),
('00812345374', 'Agus Ginting', 'L', 'Malang', '2012-06-08', 'Jl. Blimbing No. 28, Malang', 'Agus Nasution', 'Polri', 'Amalia Purnomo', 'Karyawan Swasta', '081212955379', 195, 'Aktif'),
('00812345375', 'Maya Hidayat', 'P', 'Malang', '2010-08-05', 'Jl. Arjosari No. 64, Malang', 'Aditya Sitorus', 'Supir', 'Keysha Sitorus', 'Dokter', '081721482354', 338, 'Aktif'),
('00812345376', 'Yahya Pratama', 'L', 'Malang', '2012-11-14', 'Jl. Veteran No. 91, Malang', 'Iwan Purnomo', 'PNS', 'Wati Wijaya', 'Karyawan Swasta', '081237535689', 232, 'Aktif'),
('00812345377', 'Prasetyo Sitorus', 'L', 'Malang', '2013-11-01', 'Jl. Galunggung No. 40, Malang', 'Fajar Hidayat', 'Arsitek', 'Rini Raharjo', 'Buruh', '081527776748', 287, 'Aktif'),
('00812345378', 'Ratna Budiman', 'P', 'Malang', '2011-05-13', 'Jl. Semeru No. 39, Malang', 'Syarif Setiawan', 'PNS', 'Keysha Wahyudi', 'Dosen', '081897580666', 222, 'Aktif'),
('00812345379', 'Ridwan Siregar', 'L', 'Malang', '2013-02-03', 'Jl. Oro-oro Dowo No. 20, Malang', 'Sutrisno Wahyudi', 'Buruh', 'Keysha Nasution', 'Pedagang', '081327914092', 230, 'Aktif'),
('00812345380', 'Fitri Hidayatullah', 'P', 'Malang', '2013-03-28', 'Jl. Ijen No. 93, Malang', 'Sutrisno Hidayatullah', 'PNS', 'Wati Siregar', 'TNI', '081245922086', 281, 'Aktif'),
('00812345381', 'Salma Nasution', 'P', 'Malang', '2011-01-06', 'Jl. Veteran No. 57, Malang', 'Hamzah Purnomo', 'PNS', 'Dewi Susanto', 'Perawat', '081290991534', 168, 'Aktif'),
('00812345382', 'Syarif Budiman', 'L', 'Malang', '2013-12-19', 'Jl. Arjosari No. 58, Malang', 'Yahya Kusuma', 'Petani', 'Maya Nasution', 'Guru', '081173691831', 323, 'Keluar'),
('00812345383', 'Utami Firmansyah', 'P', 'Malang', '2010-10-21', 'Jl. Oro-oro Dowo No. 27, Malang', 'Rian Lubis', 'PNS', 'Ani Kusuma', 'Guru', '081871825062', 142, 'Aktif'),
('00812345384', 'Siska Wijaya', 'P', 'Malang', '2011-11-18', 'Jl. Galunggung No. 76, Malang', 'Agus Sitorus', 'Guru', 'Utami Setiawan', 'Supir', '081602334476', 288, 'Aktif'),
('00812345385', 'Aura Hidayat', 'P', 'Malang', '2010-09-08', 'Jl. Kawi No. 30, Malang', 'Dani Budiman', 'Arsitek', 'Siti Wijaya', 'Guru', '081936187559', 239, 'Aktif'),
('00812345386', 'Ridwan Setiawan', 'L', 'Malang', '2012-05-21', 'Jl. Borobudur No. 19, Malang', 'Guntur Budiman', 'Buruh', 'Tri Wibowo', 'Karyawan Swasta', '081243011456', 238, 'Aktif'),
('00812345387', 'Ani Wibowo', 'P', 'Malang', '2012-10-21', 'Jl. Sulfat No. 44, Malang', 'Hadi Siregar', 'Pedagang', 'Widya Nugroho', 'Dokter', '081153914321', 123, 'Aktif'),
('00812345388', 'Sri Sutrisno', 'P', 'Malang', '2013-05-20', 'Jl. Sukarno Hatta No. 99, Malang', 'Hadi Ginting', 'Pilot', 'Hana Saputra', 'Arsitek', '081274232041', 308, 'Aktif'),
('00812345389', 'Ratna Setiawan', 'P', 'Malang', '2012-08-24', 'Jl. Sulfat No. 88, Malang', 'Iwan Wijaya', 'Polri', 'Dian Gunawan', 'PNS', '081295507469', 180, 'Aktif'),
('00812345390', 'Dedi Kusuma', 'L', 'Malang', '2011-11-28', 'Jl. Sulfat No. 38, Malang', 'Umar Setiawan', 'Perawat', 'Sri Ginting', 'Wiraswasta', '081416087233', 252, 'Aktif'),
('00812345391', 'Taufik Nugroho', 'L', 'Malang', '2013-06-24', 'Jl. Sulfat No. 33, Malang', 'Joko Hidayatullah', 'Supir', 'Salma Nasution', 'Supir', '081657392676', 345, 'Aktif'),
('00812345392', 'Dani Purnomo', 'L', 'Malang', '2014-03-14', 'Jl. Sukarno Hatta No. 10, Malang', 'Lukman Ginting', 'TNI', 'Mega Sutrisno', 'Dokter', '081707192586', 299, 'Aktif'),
('00812345393', 'Dedi Hidayat', 'L', 'Malang', '2010-05-19', 'Jl. Veteran No. 14, Malang', 'Rudi Saputra', 'TNI', 'Ratna Nugroho', 'Petani', '081906661089', 241, 'Aktif'),
('00812345394', 'Bambang Siregar', 'L', 'Malang', '2011-03-24', 'Jl. Kawi No. 91, Malang', 'Andi Nugroho', 'Dosen', 'Aisyah Hidayat', 'PNS', '081687603042', 218, 'Aktif'),
('00812345395', 'Budi Lubis', 'L', 'Malang', '2012-05-12', 'Jl. Langsep No. 97, Malang', 'Agus Ginting', 'Guru', 'Dian Wibowo', 'TNI', '081421882191', 274, 'Aktif'),
('00812345396', 'Hendra Nugroho', 'L', 'Malang', '2012-08-17', 'Jl. Blimbing No. 4, Malang', 'Aditya Gunawan', 'Supir', 'Sri Susanto', 'Satpam', '081516642032', 128, 'Aktif'),
('00812345397', 'Guntur Wahyudi', 'L', 'Malang', '2011-01-22', 'Jl. Veteran No. 48, Malang', 'Aditya Ginting', 'Wiraswasta', 'Rina Siregar', 'Arsitek', '081915751236', 185, 'Aktif'),
('00812345398', 'Khadijah Pohan', 'P', 'Malang', '2012-02-18', 'Jl. Sawojajar No. 49, Malang', 'Agus Purnomo', 'Supir', 'Widya Budiman', 'Pilot', '081183800538', 194, 'Aktif'),
('00812345399', 'Slamet Permana', 'L', 'Malang', '2014-08-11', 'Jl. Semeru No. 78, Malang', 'Eko Pratama', 'Polri', 'Dian Purnomo', 'Pedagang', '081190291487', 126, 'Aktif'),
('00812345400', 'Fajar Wibowo', 'L', 'Malang', '2010-01-06', 'Jl. Ijen No. 35, Malang', 'Joko Raharjo', 'Pilot', 'Linda Hidayatullah', 'Guru', '081354097482', 157, 'Aktif'),
('00812345401', 'Fitri Nugroho', 'P', 'Malang', '2012-04-28', 'Jl. Arjosari No. 2, Malang', 'Ali Purnomo', 'Arsitek', 'Yuliana Siregar', 'Arsitek', '081789729664', 221, 'Aktif'),
('00812345402', 'Indah Gunawan', 'P', 'Malang', '2014-08-14', 'Jl. Veteran No. 57, Malang', 'Hamzah Purnomo', 'PNS', 'Dewi Susanto', 'Perawat', '081290991534', 168, 'Aktif'),
('00812345403', 'Ani Nugroho', 'P', 'Malang', '2011-02-17', 'Jl. Langsep No. 1, Malang', 'Zulkifli Susanto', 'Supir', 'Kartika Raharjo', 'Guru', '081263155318', 235, 'Aktif'),
('00812345404', 'Taufik Lubis', 'L', 'Malang', '2011-07-12', 'Jl. Sawojajar No. 27, Malang', 'Hamzah Hidayat', 'Buruh', 'Eka Wijaya', 'Arsitek', '081909551820', 304, 'Aktif'),
('00812345405', 'Fauzan Siregar', 'L', 'Malang', '2010-02-10', 'Jl. Veteran No. 63, Malang', 'Umar Permana', 'PNS', 'Siti Wijaya', 'Arsitek', '081493605014', 210, 'Aktif'),
('00812345406', 'Yanto Hidayat', 'L', 'Malang', '2012-11-21', 'Jl. Sawojajar No. 13, Malang', 'Rudi Purnomo', 'PNS', 'Siti Firmansyah', 'Pedagang', '081534877149', 226, 'Aktif'),
('00812345407', 'Teguh Pratama', 'L', 'Malang', '2011-07-26', 'Jl. Veteran No. 97, Malang', 'Ridwan Pane', 'Wiraswasta', 'Fatmawati Permana', 'Dosen', '081945099919', 189, 'Aktif'),
('00812345408', 'Amalia Gunawan', 'P', 'Malang', '2012-07-10', 'Jl. Galunggung No. 26, Malang', 'Umar Susanto', 'Supir', 'Safira Wibowo', 'Dokter', '081577183160', 335, 'Aktif'),
('00812345409', 'Zahra Sitorus', 'P', 'Malang', '2013-03-20', 'Jl. Sukarno Hatta No. 17, Malang', 'Joko Wibowo', 'Arsitek', 'Putri Santoso', 'Wiraswasta', '081225606105', 160, 'Aktif'),
('00812345410', 'Siti Budiman', 'P', 'Malang', '2014-02-12', 'Jl. Kawi No. 91, Malang', 'Andi Nugroho', 'Dosen', 'Aisyah Hidayat', 'PNS', '081687603042', 218, 'Aktif'),
('00812345411', 'Prasetyo Budiman', 'L', 'Malang', '2010-12-17', 'Jl. Borobudur No. 39, Malang', 'Fauzan Gunawan', 'Supir', 'Dian Pane', 'PNS', '081770461038', 149, 'Aktif'),
('00812345412', 'Bayu Ramadhan', 'L', 'Malang', '2012-09-06', 'Jl. Sulfat No. 61, Malang', 'Prasetyo Ramadhan', 'TNI', 'Fitri Wijaya', 'Arsitek', '081636319871', 203, 'Aktif'),
('00812345413', 'Hasan Sutrisno', 'L', 'Malang', '2011-07-09', 'Jl. Semeru No. 86, Malang', 'Aditya Wahyudi', 'Perawat', 'Linda Raharjo', 'Nelayan', '081580693405', 322, 'Aktif'),
('00812345414', 'Indah Pratama', 'P', 'Malang', '2012-07-04', 'Jl. Blimbing No. 2, Malang', 'Slamet Raharjo', 'Nelayan', 'Aura Nugroho', 'Wiraswasta', '081553974259', 131, 'Aktif'),
('00812345415', 'Salma Saputra', 'P', 'Malang', '2010-02-24', 'Jl. Galunggung No. 40, Malang', 'Fajar Hidayat', 'Arsitek', 'Rini Raharjo', 'Buruh', '081527776748', 287, 'Aktif'),
('00812345416', 'Ani Budiman', 'P', 'Malang', '2012-05-15', 'Jl. Sukarno Hatta No. 13, Malang', 'Sutrisno Susanto', 'TNI', 'Aura Wahyudi', 'Dokter', '081310043196', 315, 'Aktif'),
('00812345417', 'Rini Gunawan', 'P', 'Malang', '2013-10-07', 'Jl. Sawojajar No. 5, Malang', 'Syarif Nasution', 'Nelayan', 'Ani Sitorus', 'Satpam', '081160601978', 251, 'Aktif'),
('00812345418', 'Sutrisno Hidayat', 'L', 'Malang', '2011-08-19', 'Jl. Kawi No. 59, Malang', 'Dimas Nugroho', 'Dosen', 'Khadijah Siregar', 'Nelayan', '081101509542', 162, 'Aktif'),
('00812345419', 'Maryam Wibowo', 'P', 'Malang', '2012-10-25', 'Jl. Borobudur No. 53, Malang', 'Hasan Pohan', 'TNI', 'Siska Ramadhan', 'Buruh', '081335029984', 337, 'Aktif'),
('00812345420', 'Sutrisno Setiawan', 'L', 'Malang', '2012-04-01', 'Jl. Veteran No. 57, Malang', 'Hamzah Purnomo', 'PNS', 'Dewi Susanto', 'Perawat', '081290991534', 168, 'Aktif'),
('00812345421', 'Keysha Ginting', 'P', 'Malang', '2012-03-25', 'Jl. Kawi No. 11, Malang', 'Indra Pane', 'Dokter', 'Sari Permana', 'Guru', '081952423845', 247, 'Aktif'),
('00812345422', 'Keysha Ginting', 'P', 'Malang', '2013-08-21', 'Jl. Kawi No. 30, Malang', 'Dani Budiman', 'Arsitek', 'Siti Wijaya', 'Guru', '081936187559', 239, 'Aktif'),
('00812345423', 'Siti Siregar', 'P', 'Malang', '2011-07-18', 'Jl. Borobudur No. 47, Malang', 'Prasetyo Hidayatullah', 'Karyawan Swasta', 'Eka Siregar', 'Buruh', '081258463494', 275, 'Aktif'),
('00812345424', 'Fitri Pohan', 'P', 'Malang', '2012-06-06', 'Jl. Ijen No. 73, Malang', 'Teguh Lubis', 'Dosen', 'Khadijah Nasution', 'Wiraswasta', '081456111544', 341, 'Aktif'),
('00812345425', 'Yanto Saputra', 'L', 'Malang', '2011-02-15', 'Jl. Borobudur No. 51, Malang', 'Dedi Gunawan', 'Nelayan', 'Keysha Santoso', 'Arsitek', '081868304336', 145, 'Aktif'),
('00812345426', 'Hendra Susanto', 'L', 'Malang', '2010-01-10', 'Jl. Borobudur No. 32, Malang', 'Lukman Saputra', 'Polri', 'Ani Nugroho', 'Buruh', '081975726196', 254, 'Aktif'),
('00812345427', 'Iwan Sutrisno', 'L', 'Malang', '2013-01-21', 'Jl. Borobudur No. 19, Malang', 'Guntur Budiman', 'Buruh', 'Tri Wibowo', 'Karyawan Swasta', '081243011456', 238, 'Aktif'),
('00812345428', 'Iwan Raharjo', 'L', 'Malang', '2011-01-23', 'Jl. Arjosari No. 30, Malang', 'Hasan Santoso', 'Guru', 'Indah Raharjo', 'Supir', '081225876286', 313, 'Aktif'),
('00812345429', 'Amalia Susanto', 'P', 'Malang', '2010-10-17', 'Jl. Semeru No. 77, Malang', 'Joko Pane', 'PNS', 'Hana Sutrisno', 'Dosen', '081350730084', 205, 'Aktif'),
('00812345430', 'Siti Susanto', 'P', 'Malang', '2011-12-17', 'Jl. Galunggung No. 76, Malang', 'Agus Sitorus', 'Guru', 'Utami Setiawan', 'Supir', '081602334476', 288, 'Aktif'),
('00812345431', 'Rina Ginting', 'P', 'Malang', '2011-11-04', 'Jl. Galunggung No. 23, Malang', 'Eko Wijaya', 'PNS', 'Indah Ramadhan', 'Satpam', '081308408059', 115, 'Aktif'),
('00812345432', 'Tri Wahyudi', 'P', 'Malang', '2013-06-06', 'Jl. Borobudur No. 46, Malang', 'Zaki Hidayat', 'Karyawan Swasta', 'Wati Siregar', 'Satpam', '081998418573', 217, 'Aktif'),
('00812345433', 'Rini Hidayatullah', 'P', 'Malang', '2011-09-23', 'Jl. Sulfat No. 85, Malang', 'Fauzan Kusuma', 'Satpam', 'Fitri Kusuma', 'Guru', '081474560750', 339, 'Aktif'),
('00812345434', 'Eka Siregar', 'P', 'Malang', '2014-12-12', 'Jl. Veteran No. 73, Malang', 'Fauzan Hidayatullah', 'Guru', 'Fitri Hidayat', 'Dosen', '081340271914', 223, 'Aktif'),
('00812345435', 'Lukman Purnomo', 'L', 'Malang', '2011-11-25', 'Jl. Veteran No. 38, Malang', 'Aris Kusuma', 'Satpam', 'Kartika Hidayatullah', 'Supir', '081668379864', 101, 'Aktif'),
('00812345436', 'Siska Hidayat', 'P', 'Malang', '2010-11-28', 'Jl. Arjosari No. 30, Malang', 'Ali Ramadhan', 'PNS', 'Mega Permana', 'Pilot', '081191816952', 186, 'Aktif'),
('00812345437', 'Ali Wahyudi', 'L', 'Malang', '2014-10-17', 'Jl. Sulfat No. 98, Malang', 'Sutrisno Wibowo', 'Perawat', 'Ratna Pratama', 'Guru', '081152184434', 328, 'Aktif'),
('00812345438', 'Sari Pratama', 'P', 'Malang', '2014-07-23', 'Jl. Dinoyo No. 76, Malang', 'Aris Firmansyah', 'Petani', 'Khadijah Nasution', 'Buruh', '081760581702', 303, 'Aktif'),
('00812345439', 'Umar Santoso', 'L', 'Malang', '2010-09-22', 'Jl. Sawojajar No. 91, Malang', 'Joko Raharjo', 'TNI', 'Amalia Sutrisno', 'Arsitek', '081466615578', 156, 'Aktif'),
('00812345440', 'Fauzan Nugroho', 'L', 'Malang', '2011-08-04', 'Jl. Sulfat No. 38, Malang', 'Umar Setiawan', 'Perawat', 'Sri Ginting', 'Wiraswasta', '081416087233', 252, 'Aktif');

-- FASE: tb_anggota_kelas
INSERT INTO tb_anggota_kelas (id_anggota, no_induk, id_kelas, id_tahun, poin_kelakuan, poin_kerajinan, poin_kerapian, total_poin_umum, status_sp_kelakuan, status_sp_kerajinan, status_sp_kerapian, status_sp_terakhir) VALUES
(2000, '00812345001', 10, 1, 0, 0, 0, 0, 'Aman', 'Aman', 'Aman', 'Aman'),
(2001, '00812345002', 10, 1, 0, 0, 0, 0, 'Aman', 'Aman', 'Aman', 'Aman'),
(2002, '00812345003', 6, 1, 0, 0, 0, 0, 'Aman', 'Aman', 'Aman', 'Aman'),
(2003, '00812345004', 9, 1, 0, 0, 0, 0, 'Aman', 'Aman', 'Aman', 'Aman'),
(2004, '00812345005', 6, 1, 0, 0, 0, 0, 'Aman', 'Aman', 'Aman', 'Aman'),
(2005, '00812345006', 7, 1, 0, 0, 0, 0, 'Aman', 'Aman', 'Aman', 'Aman'),
(2006, '00812345007', 10, 1, 0, 0, 0, 0, 'Aman', 'Aman', 'Aman', 'Aman'),
(2007, '00812345008', 6, 1, 0, 0, 0, 0, 'Aman', 'Aman', 'Aman', 'Aman'),
(2008, '00812345009', 6, 1, 0, 75, 0, 75, 'Aman', 'SP1', 'Aman', 'SP1'),
(2009, '00812345010', 7, 1, 0, 0, 0, 0, 'Aman', 'Aman', 'Aman', 'Aman'),
(2010, '00812345011', 10, 1, 0, 0, 0, 0, 'Aman', 'Aman', 'Aman', 'Aman'),
(2011, '00812345012', 6, 1, 0, 0, 0, 0, 'Aman', 'Aman', 'Aman', 'Aman'),
(2012, '00812345013', 6, 1, 0, 0, 0, 0, 'Aman', 'Aman', 'Aman', 'Aman'),
(2013, '00812345014', 9, 1, 0, 0, 0, 0, 'Aman', 'Aman', 'Aman', 'Aman'),
(2014, '00812345015', 8, 1, 0, 0, 0, 0, 'Aman', 'Aman', 'Aman', 'Aman'),
(2015, '00812345016', 7, 1, 0, 50, 0, 50, 'Aman', 'Aman', 'Aman', 'Aman'),
(2016, '00812345017', 10, 1, 500, 100, 0, 600, 'SP1', 'SP1', 'Aman', 'SP1'),
(2017, '00812345018', 6, 1, 0, 0, 0, 0, 'Aman', 'Aman', 'Aman', 'Aman'),
(2018, '00812345019', 7, 1, 0, 125, 0, 125, 'Aman', 'SP1', 'Aman', 'SP1'),
(2019, '00812345020', 6, 1, 0, 0, 0, 0, 'Aman', 'Aman', 'Aman', 'Aman'),
(2020, '00812345021', 9, 1, 0, 0, 0, 0, 'Aman', 'Aman', 'Aman', 'Aman'),
(2021, '00812345022', 7, 1, 0, 0, 0, 0, 'Aman', 'Aman', 'Aman', 'Aman'),
(2022, '00812345023', 9, 1, 0, 0, 0, 0, 'Aman', 'Aman', 'Aman', 'Aman'),
(2023, '00812345024', 7, 1, 0, 0, 50, 50, 'Aman', 'Aman', 'Aman', 'Aman'),
(2024, '00812345025', 6, 1, 0, 0, 0, 0, 'Aman', 'Aman', 'Aman', 'Aman'),
(2025, '00812345026', 7, 1, 0, 0, 0, 0, 'Aman', 'Aman', 'Aman', 'Aman'),
(2026, '00812345027', 8, 1, 0, 0, 0, 0, 'Aman', 'Aman', 'Aman', 'Aman'),
(2027, '00812345028', 9, 1, 0, 0, 0, 0, 'Aman', 'Aman', 'Aman', 'Aman'),
(2028, '00812345029', 9, 1, 0, 0, 0, 0, 'Aman', 'Aman', 'Aman', 'Aman'),
(2029, '00812345030', 8, 1, 0, 0, 0, 0, 'Aman', 'Aman', 'Aman', 'Aman'),
(2030, '00812345031', 8, 1, 0, 0, 0, 0, 'Aman', 'Aman', 'Aman', 'Aman'),
(2031, '00812345032', 8, 1, 0, 0, 0, 0, 'Aman', 'Aman', 'Aman', 'Aman'),
(2032, '00812345033', 9, 1, 0, 0, 0, 0, 'Aman', 'Aman', 'Aman', 'Aman'),
(2033, '00812345034', 10, 1, 0, 0, 0, 0, 'Aman', 'Aman', 'Aman', 'Aman'),
(2034, '00812345035', 10, 1, 0, 0, 0, 0, 'Aman', 'Aman', 'Aman', 'Aman'),
(2035, '00812345036', 6, 1, 0, 0, 0, 0, 'Aman', 'Aman', 'Aman', 'Aman'),
(2036, '00812345037', 8, 1, 0, 0, 100, 100, 'Aman', 'Aman', 'SP1', 'SP1'),
(2037, '00812345038', 6, 1, 0, 75, 50, 125, 'Aman', 'SP1', 'Aman', 'SP1'),
(2038, '00812345039', 6, 1, 0, 0, 0, 0, 'Aman', 'Aman', 'Aman', 'Aman'),
(2039, '00812345040', 9, 1, 0, 0, 0, 0, 'Aman', 'Aman', 'Aman', 'Aman'),
(2040, '00812345041', 7, 1, 0, 0, 0, 0, 'Aman', 'Aman', 'Aman', 'Aman'),
(2041, '00812345042', 9, 1, 0, 0, 0, 0, 'Aman', 'Aman', 'Aman', 'Aman'),
(2042, '00812345043', 9, 1, 0, 0, 0, 0, 'Aman', 'Aman', 'Aman', 'Aman'),
(2043, '00812345044', 6, 1, 300, 0, 50, 350, 'SP1', 'Aman', 'Aman', 'SP1'),
(2044, '00812345045', 9, 1, 0, 0, 0, 0, 'Aman', 'Aman', 'Aman', 'Aman'),
(2045, '00812345046', 7, 1, 0, 0, 0, 0, 'Aman', 'Aman', 'Aman', 'Aman'),
(2046, '00812345047', 10, 1, 0, 0, 0, 0, 'Aman', 'Aman', 'Aman', 'Aman'),
(2047, '00812345048', 7, 1, 0, 0, 0, 0, 'Aman', 'Aman', 'Aman', 'Aman'),
(2048, '00812345049', 7, 1, 0, 0, 0, 0, 'Aman', 'Aman', 'Aman', 'Aman'),
(2049, '00812345050', 6, 1, 0, 0, 0, 0, 'Aman', 'Aman', 'Aman', 'Aman'),
(2050, '00812345051', 10, 1, 0, 0, 0, 0, 'Aman', 'Aman', 'Aman', 'Aman'),
(2051, '00812345052', 10, 1, 0, 0, 0, 0, 'Aman', 'Aman', 'Aman', 'Aman'),
(2052, '00812345053', 8, 1, 0, 0, 0, 0, 'Aman', 'Aman', 'Aman', 'Aman'),
(2053, '00812345054', 10, 1, 0, 0, 0, 0, 'Aman', 'Aman', 'Aman', 'Aman'),
(2054, '00812345055', 8, 1, 0, 0, 0, 0, 'Aman', 'Aman', 'Aman', 'Aman'),
(2055, '00812345056', 6, 1, 0, 0, 0, 0, 'Aman', 'Aman', 'Aman', 'Aman'),
(2056, '00812345057', 9, 1, 0, 0, 0, 0, 'Aman', 'Aman', 'Aman', 'Aman'),
(2057, '00812345058', 8, 1, 0, 0, 0, 0, 'Aman', 'Aman', 'Aman', 'Aman'),
(2058, '00812345059', 10, 1, 75, 0, 50, 125, 'Aman', 'Aman', 'Aman', 'Aman'),
(2059, '00812345060', 8, 1, 0, 0, 0, 0, 'Aman', 'Aman', 'Aman', 'Aman'),
(2060, '00812345061', 6, 1, 0, 0, 0, 0, 'Aman', 'Aman', 'Aman', 'Aman'),
(2061, '00812345062', 6, 1, 0, 0, 100, 100, 'Aman', 'Aman', 'SP1', 'SP1'),
(2062, '00812345063', 9, 1, 0, 0, 0, 0, 'Aman', 'Aman', 'Aman', 'Aman'),
(2063, '00812345064', 6, 1, 0, 0, 0, 0, 'Aman', 'Aman', 'Aman', 'Aman'),
(2064, '00812345065', 7, 1, 0, 0, 0, 0, 'Aman', 'Aman', 'Aman', 'Aman'),
(2065, '00812345066', 10, 1, 0, 0, 0, 0, 'Aman', 'Aman', 'Aman', 'Aman'),
(2066, '00812345067', 7, 1, 0, 0, 0, 0, 'Aman', 'Aman', 'Aman', 'Aman'),
(2067, '00812345068', 8, 1, 0, 100, 0, 100, 'Aman', 'SP1', 'Aman', 'SP1'),
(2068, '00812345069', 6, 1, 0, 50, 0, 50, 'Aman', 'Aman', 'Aman', 'Aman'),
(2069, '00812345070', 9, 1, 0, 0, 0, 0, 'Aman', 'Aman', 'Aman', 'Aman'),
(2070, '00812345071', 6, 1, 0, 0, 0, 0, 'Aman', 'Aman', 'Aman', 'Aman'),
(2071, '00812345072', 7, 1, 0, 0, 0, 0, 'Aman', 'Aman', 'Aman', 'Aman'),
(2072, '00812345073', 10, 1, 0, 0, 75, 75, 'Aman', 'Aman', 'Aman', 'Aman'),
(2073, '00812345074', 8, 1, 0, 0, 0, 0, 'Aman', 'Aman', 'Aman', 'Aman'),
(2074, '00812345075', 8, 1, 0, 0, 0, 0, 'Aman', 'Aman', 'Aman', 'Aman'),
(2075, '00812345076', 6, 1, 0, 0, 0, 0, 'Aman', 'Aman', 'Aman', 'Aman'),
(2076, '00812345077', 8, 1, 0, 0, 0, 0, 'Aman', 'Aman', 'Aman', 'Aman'),
(2077, '00812345078', 8, 1, 0, 0, 0, 0, 'Aman', 'Aman', 'Aman', 'Aman'),
(2078, '00812345079', 10, 1, 0, 0, 0, 0, 'Aman', 'Aman', 'Aman', 'Aman'),
(2079, '00812345080', 6, 1, 0, 0, 0, 0, 'Aman', 'Aman', 'Aman', 'Aman'),
(2080, '00812345081', 9, 1, 0, 0, 0, 0, 'Aman', 'Aman', 'Aman', 'Aman'),
(2081, '00812345082', 7, 1, 0, 0, 0, 0, 'Aman', 'Aman', 'Aman', 'Aman'),
(2082, '00812345083', 6, 1, 0, 0, 0, 0, 'Aman', 'Aman', 'Aman', 'Aman'),
(2083, '00812345084', 8, 1, 0, 0, 0, 0, 'Aman', 'Aman', 'Aman', 'Aman'),
(2084, '00812345085', 10, 1, 0, 0, 0, 0, 'Aman', 'Aman', 'Aman', 'Aman'),
(2085, '00812345086', 10, 1, 0, 0, 0, 0, 'Aman', 'Aman', 'Aman', 'Aman'),
(2086, '00812345087', 8, 1, 0, 0, 0, 0, 'Aman', 'Aman', 'Aman', 'Aman'),
(2087, '00812345088', 10, 1, 0, 25, 0, 25, 'Aman', 'Aman', 'Aman', 'Aman'),
(2088, '00812345089', 7, 1, 0, 0, 0, 0, 'Aman', 'Aman', 'Aman', 'Aman'),
(2089, '00812345090', 8, 1, 0, 0, 50, 50, 'Aman', 'Aman', 'Aman', 'Aman'),
(2090, '00812345091', 9, 1, 0, 0, 0, 0, 'Aman', 'Aman', 'Aman', 'Aman'),
(2091, '00812345092', 6, 1, 0, 0, 0, 0, 'Aman', 'Aman', 'Aman', 'Aman'),
(2092, '00812345093', 9, 1, 0, 0, 0, 0, 'Aman', 'Aman', 'Aman', 'Aman'),
(2093, '00812345094', 10, 1, 0, 0, 0, 0, 'Aman', 'Aman', 'Aman', 'Aman'),
(2094, '00812345095', 8, 1, 0, 0, 0, 0, 'Aman', 'Aman', 'Aman', 'Aman'),
(2095, '00812345096', 10, 1, 0, 0, 0, 0, 'Aman', 'Aman', 'Aman', 'Aman'),
(2096, '00812345097', 7, 1, 0, 0, 0, 0, 'Aman', 'Aman', 'Aman', 'Aman'),
(2097, '00812345098', 6, 1, 0, 0, 0, 0, 'Aman', 'Aman', 'Aman', 'Aman'),
(2098, '00812345099', 8, 1, 0, 0, 0, 0, 'Aman', 'Aman', 'Aman', 'Aman'),
(2099, '00812345100', 6, 1, 0, 0, 0, 0, 'Aman', 'Aman', 'Aman', 'Aman'),
(2100, '00812345101', 8, 1, 0, 75, 0, 75, 'Aman', 'SP1', 'Aman', 'SP1'),
(2101, '00812345102', 9, 1, 0, 0, 0, 0, 'Aman', 'Aman', 'Aman', 'Aman'),
(2102, '00812345103', 6, 1, 0, 0, 0, 0, 'Aman', 'Aman', 'Aman', 'Aman'),
(2103, '00812345104', 9, 1, 0, 0, 0, 0, 'Aman', 'Aman', 'Aman', 'Aman'),
(2104, '00812345105', 8, 1, 0, 0, 0, 0, 'Aman', 'Aman', 'Aman', 'Aman'),
(2105, '00812345106', 9, 1, 0, 0, 0, 0, 'Aman', 'Aman', 'Aman', 'Aman'),
(2106, '00812345107', 6, 1, 0, 0, 0, 0, 'Aman', 'Aman', 'Aman', 'Aman'),
(2107, '00812345108', 9, 1, 0, 800, 0, 800, 'Aman', 'Sanksi oleh Sekolah', 'Aman', 'Sanksi oleh Sekolah'),
(2108, '00812345109', 6, 1, 0, 0, 0, 0, 'Aman', 'Aman', 'Aman', 'Aman'),
(2109, '00812345110', 7, 1, 0, 0, 0, 0, 'Aman', 'Aman', 'Aman', 'Aman'),
(2110, '00812345111', 1, 1, 0, 0, 0, 0, 'Aman', 'Aman', 'Aman', 'Aman'),
(2111, '00812345112', 4, 1, 0, 0, 0, 0, 'Aman', 'Aman', 'Aman', 'Aman'),
(2112, '00812345113', 2, 1, 0, 0, 0, 0, 'Aman', 'Aman', 'Aman', 'Aman'),
(2113, '00812345114', 1, 1, 0, 0, 0, 0, 'Aman', 'Aman', 'Aman', 'Aman'),
(2114, '00812345115', 2, 1, 0, 0, 0, 0, 'Aman', 'Aman', 'Aman', 'Aman'),
(2115, '00812345116', 2, 1, 0, 0, 0, 0, 'Aman', 'Aman', 'Aman', 'Aman'),
(2116, '00812345117', 1, 1, 0, 0, 0, 0, 'Aman', 'Aman', 'Aman', 'Aman'),
(2117, '00812345118', 5, 1, 0, 0, 0, 0, 'Aman', 'Aman', 'Aman', 'Aman'),
(2118, '00812345119', 3, 1, 0, 0, 0, 0, 'Aman', 'Aman', 'Aman', 'Aman'),
(2119, '00812345120', 4, 1, 0, 0, 0, 0, 'Aman', 'Aman', 'Aman', 'Aman'),
(2120, '00812345121', 4, 1, 0, 0, 0, 0, 'Aman', 'Aman', 'Aman', 'Aman'),
(2121, '00812345122', 3, 1, 0, 0, 0, 0, 'Aman', 'Aman', 'Aman', 'Aman'),
(2122, '00812345123', 1, 1, 0, 0, 0, 0, 'Aman', 'Aman', 'Aman', 'Aman'),
(2123, '00812345124', 3, 1, 0, 0, 0, 0, 'Aman', 'Aman', 'Aman', 'Aman'),
(2124, '00812345125', 5, 1, 0, 0, 0, 0, 'Aman', 'Aman', 'Aman', 'Aman'),
(2125, '00812345126', 3, 1, 0, 75, 0, 75, 'Aman', 'SP1', 'Aman', 'SP1'),
(2126, '00812345127', 4, 1, 0, 0, 0, 0, 'Aman', 'Aman', 'Aman', 'Aman'),
(2127, '00812345128', 2, 1, 300, 50, 50, 400, 'SP1', 'Aman', 'Aman', 'SP1'),
(2128, '00812345129', 2, 1, 0, 0, 0, 0, 'Aman', 'Aman', 'Aman', 'Aman'),
(2129, '00812345130', 3, 1, 0, 0, 0, 0, 'Aman', 'Aman', 'Aman', 'Aman'),
(2130, '00812345131', 5, 1, 0, 0, 0, 0, 'Aman', 'Aman', 'Aman', 'Aman'),
(2131, '00812345132', 5, 1, 0, 0, 0, 0, 'Aman', 'Aman', 'Aman', 'Aman'),
(2132, '00812345133', 2, 1, 0, 0, 0, 0, 'Aman', 'Aman', 'Aman', 'Aman'),
(2133, '00812345134', 1, 1, 0, 0, 0, 0, 'Aman', 'Aman', 'Aman', 'Aman'),
(2134, '00812345135', 3, 1, 0, 0, 0, 0, 'Aman', 'Aman', 'Aman', 'Aman'),
(2135, '00812345136', 2, 1, 0, 0, 0, 0, 'Aman', 'Aman', 'Aman', 'Aman'),
(2136, '00812345137', 2, 1, 0, 0, 0, 0, 'Aman', 'Aman', 'Aman', 'Aman'),
(2137, '00812345138', 1, 1, 0, 0, 0, 0, 'Aman', 'Aman', 'Aman', 'Aman'),
(2138, '00812345139', 1, 1, 0, 0, 0, 0, 'Aman', 'Aman', 'Aman', 'Aman'),
(2139, '00812345140', 2, 1, 0, 0, 0, 0, 'Aman', 'Aman', 'Aman', 'Aman'),
(2140, '00812345141', 2, 1, 0, 0, 0, 0, 'Aman', 'Aman', 'Aman', 'Aman'),
(2141, '00812345142', 2, 1, 0, 0, 0, 0, 'Aman', 'Aman', 'Aman', 'Aman'),
(2142, '00812345143', 4, 1, 0, 0, 0, 0, 'Aman', 'Aman', 'Aman', 'Aman'),
(2143, '00812345144', 4, 1, 0, 0, 0, 0, 'Aman', 'Aman', 'Aman', 'Aman'),
(2144, '00812345145', 3, 1, 0, 0, 0, 0, 'Aman', 'Aman', 'Aman', 'Aman'),
(2145, '00812345146', 3, 1, 0, 0, 0, 0, 'Aman', 'Aman', 'Aman', 'Aman'),
(2146, '00812345147', 5, 1, 0, 0, 0, 0, 'Aman', 'Aman', 'Aman', 'Aman'),
(2147, '00812345148', 5, 1, 0, 0, 0, 0, 'Aman', 'Aman', 'Aman', 'Aman'),
(2148, '00812345149', 3, 1, 0, 0, 0, 0, 'Aman', 'Aman', 'Aman', 'Aman'),
(2149, '00812345150', 2, 1, 0, 0, 50, 50, 'Aman', 'Aman', 'Aman', 'Aman'),
(2150, '00812345151', 1, 1, 0, 0, 0, 0, 'Aman', 'Aman', 'Aman', 'Aman'),
(2151, '00812345152', 3, 1, 0, 0, 0, 0, 'Aman', 'Aman', 'Aman', 'Aman'),
(2152, '00812345153', 3, 1, 0, 0, 0, 0, 'Aman', 'Aman', 'Aman', 'Aman'),
(2153, '00812345154', 1, 1, 0, 0, 0, 0, 'Aman', 'Aman', 'Aman', 'Aman'),
(2154, '00812345155', 5, 1, 0, 0, 0, 0, 'Aman', 'Aman', 'Aman', 'Aman'),
(2155, '00812345156', 2, 1, 100, 50, 0, 150, 'Aman', 'Aman', 'Aman', 'Aman'),
(2156, '00812345157', 5, 1, 0, 0, 0, 0, 'Aman', 'Aman', 'Aman', 'Aman'),
(2157, '00812345158', 1, 1, 0, 0, 0, 0, 'Aman', 'Aman', 'Aman', 'Aman'),
(2158, '00812345159', 5, 1, 0, 0, 0, 0, 'Aman', 'Aman', 'Aman', 'Aman'),
(2159, '00812345160', 3, 1, 0, 0, 0, 0, 'Aman', 'Aman', 'Aman', 'Aman'),
(2160, '00812345161', 3, 1, 0, 0, 0, 0, 'Aman', 'Aman', 'Aman', 'Aman'),
(2161, '00812345162', 3, 1, 0, 0, 0, 0, 'Aman', 'Aman', 'Aman', 'Aman'),
(2162, '00812345163', 5, 1, 0, 0, 0, 0, 'Aman', 'Aman', 'Aman', 'Aman'),
(2163, '00812345164', 2, 1, 0, 0, 0, 0, 'Aman', 'Aman', 'Aman', 'Aman'),
(2164, '00812345165', 5, 1, 0, 0, 0, 0, 'Aman', 'Aman', 'Aman', 'Aman'),
(2165, '00812345166', 1, 1, 0, 0, 0, 0, 'Aman', 'Aman', 'Aman', 'Aman'),
(2166, '00812345167', 3, 1, 0, 0, 0, 0, 'Aman', 'Aman', 'Aman', 'Aman'),
(2167, '00812345168', 5, 1, 0, 0, 0, 0, 'Aman', 'Aman', 'Aman', 'Aman'),
(2168, '00812345169', 5, 1, 0, 0, 0, 0, 'Aman', 'Aman', 'Aman', 'Aman'),
(2169, '00812345170', 2, 1, 0, 0, 0, 0, 'Aman', 'Aman', 'Aman', 'Aman'),
(2170, '00812345171', 2, 1, 0, 0, 0, 0, 'Aman', 'Aman', 'Aman', 'Aman'),
(2171, '00812345172', 5, 1, 0, 0, 0, 0, 'Aman', 'Aman', 'Aman', 'Aman'),
(2172, '00812345173', 4, 1, 0, 0, 0, 0, 'Aman', 'Aman', 'Aman', 'Aman'),
(2173, '00812345174', 4, 1, 0, 0, 0, 0, 'Aman', 'Aman', 'Aman', 'Aman'),
(2174, '00812345175', 5, 1, 0, 0, 0, 0, 'Aman', 'Aman', 'Aman', 'Aman'),
(2175, '00812345176', 2, 1, 0, 0, 0, 0, 'Aman', 'Aman', 'Aman', 'Aman'),
(2176, '00812345177', 3, 1, 0, 0, 0, 0, 'Aman', 'Aman', 'Aman', 'Aman'),
(2177, '00812345178', 3, 1, 0, 0, 0, 0, 'Aman', 'Aman', 'Aman', 'Aman'),
(2178, '00812345179', 2, 1, 0, 0, 0, 0, 'Aman', 'Aman', 'Aman', 'Aman'),
(2179, '00812345180', 5, 1, 0, 75, 0, 75, 'Aman', 'SP1', 'Aman', 'SP1'),
(2180, '00812345181', 2, 1, 0, 0, 0, 0, 'Aman', 'Aman', 'Aman', 'Aman'),
(2181, '00812345182', 1, 1, 0, 0, 0, 0, 'Aman', 'Aman', 'Aman', 'Aman'),
(2182, '00812345183', 5, 1, 0, 0, 0, 0, 'Aman', 'Aman', 'Aman', 'Aman'),
(2183, '00812345184', 5, 1, 0, 0, 0, 0, 'Aman', 'Aman', 'Aman', 'Aman'),
(2184, '00812345185', 1, 1, 0, 0, 0, 0, 'Aman', 'Aman', 'Aman', 'Aman'),
(2185, '00812345186', 4, 1, 0, 0, 50, 50, 'Aman', 'Aman', 'Aman', 'Aman'),
(2186, '00812345187', 3, 1, 0, 0, 0, 0, 'Aman', 'Aman', 'Aman', 'Aman'),
(2187, '00812345188', 1, 1, 0, 0, 0, 0, 'Aman', 'Aman', 'Aman', 'Aman'),
(2188, '00812345189', 2, 1, 0, 0, 0, 0, 'Aman', 'Aman', 'Aman', 'Aman'),
(2189, '00812345190', 4, 1, 0, 0, 0, 0, 'Aman', 'Aman', 'Aman', 'Aman'),
(2190, '00812345191', 2, 1, 0, 0, 0, 0, 'Aman', 'Aman', 'Aman', 'Aman'),
(2191, '00812345192', 3, 1, 0, 0, 0, 0, 'Aman', 'Aman', 'Aman', 'Aman'),
(2192, '00812345193', 1, 1, 0, 25, 0, 25, 'Aman', 'Aman', 'Aman', 'Aman'),
(2193, '00812345194', 2, 1, 0, 0, 0, 0, 'Aman', 'Aman', 'Aman', 'Aman'),
(2194, '00812345195', 2, 1, 0, 0, 0, 0, 'Aman', 'Aman', 'Aman', 'Aman'),
(2195, '00812345196', 5, 1, 0, 0, 0, 0, 'Aman', 'Aman', 'Aman', 'Aman'),
(2196, '00812345197', 3, 1, 0, 0, 50, 50, 'Aman', 'Aman', 'Aman', 'Aman'),
(2197, '00812345198', 5, 1, 0, 0, 0, 0, 'Aman', 'Aman', 'Aman', 'Aman'),
(2198, '00812345199', 2, 1, 0, 0, 0, 0, 'Aman', 'Aman', 'Aman', 'Aman'),
(2199, '00812345200', 2, 1, 0, 0, 0, 0, 'Aman', 'Aman', 'Aman', 'Aman'),
(2200, '00812345201', 3, 1, 0, 0, 0, 0, 'Aman', 'Aman', 'Aman', 'Aman'),
(2201, '00812345202', 3, 1, 300, 50, 75, 425, 'SP1', 'Aman', 'Aman', 'SP1'),
(2202, '00812345203', 2, 1, 0, 0, 0, 0, 'Aman', 'Aman', 'Aman', 'Aman'),
(2203, '00812345204', 3, 1, 0, 0, 0, 0, 'Aman', 'Aman', 'Aman', 'Aman'),
(2204, '00812345205', 4, 1, 500, 50, 50, 600, 'SP1', 'Aman', 'Aman', 'SP1'),
(2205, '00812345206', 4, 1, 0, 0, 0, 0, 'Aman', 'Aman', 'Aman', 'Aman'),
(2206, '00812345207', 4, 1, 0, 0, 0, 0, 'Aman', 'Aman', 'Aman', 'Aman'),
(2207, '00812345208', 4, 1, 0, 0, 0, 0, 'Aman', 'Aman', 'Aman', 'Aman'),
(2208, '00812345209', 2, 1, 0, 0, 0, 0, 'Aman', 'Aman', 'Aman', 'Aman'),
(2209, '00812345210', 3, 1, 0, 0, 0, 0, 'Aman', 'Aman', 'Aman', 'Aman'),
(2210, '00812345211', 1, 1, 0, 0, 0, 0, 'Aman', 'Aman', 'Aman', 'Aman'),
(2211, '00812345212', 4, 1, 0, 175, 100, 275, 'Aman', 'SP1', 'SP1', 'SP1'),
(2212, '00812345213', 4, 1, 0, 300, 0, 300, 'Aman', 'SP2', 'Aman', 'SP2'),
(2213, '00812345214', 4, 1, 0, 0, 0, 0, 'Aman', 'Aman', 'Aman', 'Aman'),
(2214, '00812345215', 4, 1, 0, 0, 0, 0, 'Aman', 'Aman', 'Aman', 'Aman'),
(2215, '00812345216', 5, 1, 0, 0, 100, 100, 'Aman', 'Aman', 'SP1', 'SP1'),
(2216, '00812345217', 5, 1, 0, 100, 0, 100, 'Aman', 'SP1', 'Aman', 'SP1'),
(2217, '00812345218', 3, 1, 0, 0, 0, 0, 'Aman', 'Aman', 'Aman', 'Aman'),
(2218, '00812345219', 5, 1, 0, 0, 0, 0, 'Aman', 'Aman', 'Aman', 'Aman'),
(2219, '00812345220', 3, 1, 0, 0, 0, 0, 'Aman', 'Aman', 'Aman', 'Aman'),
(2220, '00812345001', 15, 2, 0, 0, 0, 0, 'Aman', 'Aman', 'Aman', 'Aman'),
(2221, '00812345002', 11, 2, 0, 0, 0, 0, 'Aman', 'Aman', 'Aman', 'Aman'),
(2222, '00812345003', 15, 2, 0, 0, 0, 0, 'Aman', 'Aman', 'Aman', 'Aman'),
(2223, '00812345004', 15, 2, 0, 500, 0, 500, 'Aman', 'SP3', 'Aman', 'SP3'),
(2224, '00812345005', 15, 2, 0, 0, 0, 0, 'Aman', 'Aman', 'Aman', 'Aman'),
(2225, '00812345006', 15, 2, 100, 0, 0, 100, 'Aman', 'Aman', 'Aman', 'Aman'),
(2226, '00812345007', 13, 2, 0, 0, 0, 0, 'Aman', 'Aman', 'Aman', 'Aman'),
(2227, '00812345008', 11, 2, 0, 0, 0, 0, 'Aman', 'Aman', 'Aman', 'Aman'),
(2228, '00812345009', 11, 2, 0, 0, 0, 0, 'Aman', 'Aman', 'Aman', 'Aman'),
(2229, '00812345010', 11, 2, 0, 0, 0, 0, 'Aman', 'Aman', 'Aman', 'Aman'),
(2230, '00812345011', 14, 2, 0, 0, 0, 0, 'Aman', 'Aman', 'Aman', 'Aman'),
(2231, '00812345012', 13, 2, 0, 0, 0, 0, 'Aman', 'Aman', 'Aman', 'Aman'),
(2232, '00812345013', 11, 2, 0, 0, 0, 0, 'Aman', 'Aman', 'Aman', 'Aman'),
(2233, '00812345014', 11, 2, 0, 0, 0, 0, 'Aman', 'Aman', 'Aman', 'Aman'),
(2234, '00812345015', 12, 2, 0, 0, 0, 0, 'Aman', 'Aman', 'Aman', 'Aman'),
(2235, '00812345016', 12, 2, 0, 0, 0, 0, 'Aman', 'Aman', 'Aman', 'Aman'),
(2236, '00812345017', 15, 2, 0, 0, 0, 0, 'Aman', 'Aman', 'Aman', 'Aman'),
(2237, '00812345018', 11, 2, 0, 0, 0, 0, 'Aman', 'Aman', 'Aman', 'Aman'),
(2238, '00812345019', 12, 2, 100, 25, 50, 175, 'Aman', 'Aman', 'Aman', 'Aman'),
(2239, '00812345020', 13, 2, 0, 0, 0, 0, 'Aman', 'Aman', 'Aman', 'Aman'),
(2240, '00812345021', 13, 2, 0, 0, 0, 0, 'Aman', 'Aman', 'Aman', 'Aman'),
(2241, '00812345022', 15, 2, 0, 0, 0, 0, 'Aman', 'Aman', 'Aman', 'Aman'),
(2242, '00812345023', 11, 2, 0, 0, 0, 0, 'Aman', 'Aman', 'Aman', 'Aman'),
(2243, '00812345024', 15, 2, 0, 300, 0, 300, 'Aman', 'SP2', 'Aman', 'SP2'),
(2244, '00812345025', 11, 2, 0, 0, 0, 0, 'Aman', 'Aman', 'Aman', 'Aman'),
(2245, '00812345026', 12, 2, 0, 0, 0, 0, 'Aman', 'Aman', 'Aman', 'Aman'),
(2246, '00812345027', 15, 2, 0, 0, 0, 0, 'Aman', 'Aman', 'Aman', 'Aman'),
(2247, '00812345028', 15, 2, 100, 50, 125, 275, 'Aman', 'Aman', 'SP1', 'SP1'),
(2248, '00812345029', 12, 2, 0, 0, 0, 0, 'Aman', 'Aman', 'Aman', 'Aman'),
(2249, '00812345030', 11, 2, 0, 0, 0, 0, 'Aman', 'Aman', 'Aman', 'Aman'),
(2250, '00812345031', 15, 2, 0, 0, 0, 0, 'Aman', 'Aman', 'Aman', 'Aman'),
(2251, '00812345032', 14, 2, 50, 125, 50, 225, 'Aman', 'SP1', 'Aman', 'SP1'),
(2252, '00812345033', 11, 2, 150, 0, 0, 150, 'Aman', 'Aman', 'Aman', 'Aman'),
(2253, '00812345034', 14, 2, 0, 0, 100, 100, 'Aman', 'Aman', 'SP1', 'SP1'),
(2254, '00812345035', 14, 2, 0, 75, 0, 75, 'Aman', 'SP1', 'Aman', 'SP1'),
(2255, '00812345036', 15, 2, 0, 0, 0, 0, 'Aman', 'Aman', 'Aman', 'Aman'),
(2256, '00812345037', 11, 2, 0, 0, 0, 0, 'Aman', 'Aman', 'Aman', 'Aman'),
(2257, '00812345038', 14, 2, 125, 0, 0, 125, 'Aman', 'Aman', 'Aman', 'Aman'),
(2258, '00812345039', 11, 2, 0, 0, 0, 0, 'Aman', 'Aman', 'Aman', 'Aman'),
(2259, '00812345040', 14, 2, 0, 0, 0, 0, 'Aman', 'Aman', 'Aman', 'Aman'),
(2260, '00812345041', 13, 2, 0, 0, 0, 0, 'Aman', 'Aman', 'Aman', 'Aman'),
(2261, '00812345042', 12, 2, 0, 0, 0, 0, 'Aman', 'Aman', 'Aman', 'Aman'),
(2262, '00812345043', 11, 2, 0, 0, 0, 0, 'Aman', 'Aman', 'Aman', 'Aman'),
(2263, '00812345044', 12, 2, 0, 0, 0, 0, 'Aman', 'Aman', 'Aman', 'Aman'),
(2264, '00812345045', 14, 2, 0, 0, 0, 0, 'Aman', 'Aman', 'Aman', 'Aman'),
(2265, '00812345046', 15, 2, 0, 0, 0, 0, 'Aman', 'Aman', 'Aman', 'Aman'),
(2266, '00812345047', 14, 2, 0, 0, 0, 0, 'Aman', 'Aman', 'Aman', 'Aman'),
(2267, '00812345048', 13, 2, 0, 0, 0, 0, 'Aman', 'Aman', 'Aman', 'Aman'),
(2268, '00812345049', 15, 2, 0, 0, 0, 0, 'Aman', 'Aman', 'Aman', 'Aman'),
(2269, '00812345050', 15, 2, 0, 0, 0, 0, 'Aman', 'Aman', 'Aman', 'Aman'),
(2270, '00812345051', 13, 2, 0, 0, 0, 0, 'Aman', 'Aman', 'Aman', 'Aman'),
(2271, '00812345052', 15, 2, 0, 0, 0, 0, 'Aman', 'Aman', 'Aman', 'Aman'),
(2272, '00812345053', 13, 2, 0, 0, 0, 0, 'Aman', 'Aman', 'Aman', 'Aman'),
(2273, '00812345054', 15, 2, 0, 0, 0, 0, 'Aman', 'Aman', 'Aman', 'Aman'),
(2274, '00812345055', 15, 2, 0, 0, 0, 0, 'Aman', 'Aman', 'Aman', 'Aman'),
(2275, '00812345056', 12, 2, 0, 0, 0, 0, 'Aman', 'Aman', 'Aman', 'Aman'),
(2276, '00812345057', 11, 2, 0, 0, 0, 0, 'Aman', 'Aman', 'Aman', 'Aman'),
(2277, '00812345058', 14, 2, 0, 0, 0, 0, 'Aman', 'Aman', 'Aman', 'Aman'),
(2278, '00812345059', 15, 2, 0, 0, 0, 0, 'Aman', 'Aman', 'Aman', 'Aman'),
(2279, '00812345060', 13, 2, 0, 0, 0, 0, 'Aman', 'Aman', 'Aman', 'Aman'),
(2280, '00812345061', 13, 2, 0, 0, 0, 0, 'Aman', 'Aman', 'Aman', 'Aman'),
(2281, '00812345062', 15, 2, 0, 0, 0, 0, 'Aman', 'Aman', 'Aman', 'Aman'),
(2282, '00812345063', 13, 2, 0, 0, 0, 0, 'Aman', 'Aman', 'Aman', 'Aman'),
(2283, '00812345064', 11, 2, 0, 0, 0, 0, 'Aman', 'Aman', 'Aman', 'Aman'),
(2284, '00812345065', 11, 2, 0, 0, 0, 0, 'Aman', 'Aman', 'Aman', 'Aman'),
(2285, '00812345066', 12, 2, 300, 175, 50, 525, 'SP1', 'SP1', 'Aman', 'SP1'),
(2286, '00812345067', 14, 2, 0, 0, 0, 0, 'Aman', 'Aman', 'Aman', 'Aman'),
(2287, '00812345068', 11, 2, 500, 0, 0, 500, 'SP1', 'Aman', 'Aman', 'SP1'),
(2288, '00812345069', 15, 2, 0, 0, 0, 0, 'Aman', 'Aman', 'Aman', 'Aman'),
(2289, '00812345070', 14, 2, 0, 0, 0, 0, 'Aman', 'Aman', 'Aman', 'Aman'),
(2290, '00812345071', 11, 2, 0, 0, 0, 0, 'Aman', 'Aman', 'Aman', 'Aman'),
(2291, '00812345072', 14, 2, 0, 50, 0, 50, 'Aman', 'Aman', 'Aman', 'Aman'),
(2292, '00812345073', 11, 2, 0, 0, 0, 0, 'Aman', 'Aman', 'Aman', 'Aman'),
(2293, '00812345074', 15, 2, 0, 0, 0, 0, 'Aman', 'Aman', 'Aman', 'Aman'),
(2294, '00812345075', 12, 2, 0, 0, 0, 0, 'Aman', 'Aman', 'Aman', 'Aman'),
(2295, '00812345076', 14, 2, 0, 0, 0, 0, 'Aman', 'Aman', 'Aman', 'Aman'),
(2296, '00812345077', 12, 2, 0, 0, 0, 0, 'Aman', 'Aman', 'Aman', 'Aman'),
(2297, '00812345078', 12, 2, 0, 0, 0, 0, 'Aman', 'Aman', 'Aman', 'Aman'),
(2298, '00812345079', 15, 2, 0, 0, 0, 0, 'Aman', 'Aman', 'Aman', 'Aman'),
(2299, '00812345080', 13, 2, 0, 0, 0, 0, 'Aman', 'Aman', 'Aman', 'Aman'),
(2300, '00812345081', 14, 2, 0, 0, 0, 0, 'Aman', 'Aman', 'Aman', 'Aman'),
(2301, '00812345082', 11, 2, 0, 0, 0, 0, 'Aman', 'Aman', 'Aman', 'Aman'),
(2302, '00812345083', 15, 2, 0, 0, 0, 0, 'Aman', 'Aman', 'Aman', 'Aman'),
(2303, '00812345084', 14, 2, 0, 0, 0, 0, 'Aman', 'Aman', 'Aman', 'Aman'),
(2304, '00812345085', 12, 2, 0, 0, 0, 0, 'Aman', 'Aman', 'Aman', 'Aman'),
(2305, '00812345086', 14, 2, 0, 0, 0, 0, 'Aman', 'Aman', 'Aman', 'Aman'),
(2306, '00812345087', 13, 2, 0, 0, 75, 75, 'Aman', 'Aman', 'Aman', 'Aman'),
(2307, '00812345088', 11, 2, 0, 0, 0, 0, 'Aman', 'Aman', 'Aman', 'Aman'),
(2308, '00812345089', 13, 2, 0, 0, 0, 0, 'Aman', 'Aman', 'Aman', 'Aman'),
(2309, '00812345090', 12, 2, 0, 0, 0, 0, 'Aman', 'Aman', 'Aman', 'Aman'),
(2310, '00812345091', 14, 2, 0, 0, 0, 0, 'Aman', 'Aman', 'Aman', 'Aman'),
(2311, '00812345092', 13, 2, 0, 0, 0, 0, 'Aman', 'Aman', 'Aman', 'Aman'),
(2312, '00812345093', 14, 2, 0, 0, 0, 0, 'Aman', 'Aman', 'Aman', 'Aman'),
(2313, '00812345094', 11, 2, 0, 0, 0, 0, 'Aman', 'Aman', 'Aman', 'Aman'),
(2314, '00812345095', 15, 2, 0, 0, 50, 50, 'Aman', 'Aman', 'Aman', 'Aman'),
(2315, '00812345096', 15, 2, 0, 0, 0, 0, 'Aman', 'Aman', 'Aman', 'Aman'),
(2316, '00812345097', 15, 2, 0, 0, 0, 0, 'Aman', 'Aman', 'Aman', 'Aman'),
(2317, '00812345098', 14, 2, 0, 0, 0, 0, 'Aman', 'Aman', 'Aman', 'Aman'),
(2318, '00812345099', 15, 2, 0, 0, 25, 25, 'Aman', 'Aman', 'Aman', 'Aman'),
(2319, '00812345100', 12, 2, 0, 0, 0, 0, 'Aman', 'Aman', 'Aman', 'Aman'),
(2320, '00812345101', 15, 2, 0, 0, 0, 0, 'Aman', 'Aman', 'Aman', 'Aman'),
(2321, '00812345102', 14, 2, 0, 0, 0, 0, 'Aman', 'Aman', 'Aman', 'Aman'),
(2322, '00812345103', 11, 2, 0, 0, 0, 0, 'Aman', 'Aman', 'Aman', 'Aman'),
(2323, '00812345104', 15, 2, 0, 0, 0, 0, 'Aman', 'Aman', 'Aman', 'Aman'),
(2324, '00812345105', 12, 2, 0, 0, 0, 0, 'Aman', 'Aman', 'Aman', 'Aman'),
(2325, '00812345106', 14, 2, 0, 0, 0, 0, 'Aman', 'Aman', 'Aman', 'Aman'),
(2326, '00812345107', 14, 2, 300, 0, 0, 300, 'SP1', 'Aman', 'Aman', 'SP1'),
(2327, '00812345108', 14, 2, 0, 0, 0, 0, 'Aman', 'Aman', 'Aman', 'Aman'),
(2328, '00812345109', 12, 2, 0, 0, 0, 0, 'Aman', 'Aman', 'Aman', 'Aman'),
(2329, '00812345110', 14, 2, 0, 0, 0, 0, 'Aman', 'Aman', 'Aman', 'Aman'),
(2330, '00812345111', 6, 2, 0, 0, 0, 0, 'Aman', 'Aman', 'Aman', 'Aman'),
(2331, '00812345112', 8, 2, 0, 0, 0, 0, 'Aman', 'Aman', 'Aman', 'Aman'),
(2332, '00812345113', 7, 2, 0, 0, 0, 0, 'Aman', 'Aman', 'Aman', 'Aman'),
(2333, '00812345114', 8, 2, 0, 0, 0, 0, 'Aman', 'Aman', 'Aman', 'Aman'),
(2334, '00812345115', 7, 2, 0, 0, 0, 0, 'Aman', 'Aman', 'Aman', 'Aman'),
(2335, '00812345116', 10, 2, 0, 0, 0, 0, 'Aman', 'Aman', 'Aman', 'Aman'),
(2336, '00812345117', 10, 2, 0, 0, 0, 0, 'Aman', 'Aman', 'Aman', 'Aman'),
(2337, '00812345118', 7, 2, 0, 0, 0, 0, 'Aman', 'Aman', 'Aman', 'Aman'),
(2338, '00812345119', 8, 2, 0, 0, 0, 0, 'Aman', 'Aman', 'Aman', 'Aman'),
(2339, '00812345120', 10, 2, 0, 0, 0, 0, 'Aman', 'Aman', 'Aman', 'Aman'),
(2340, '00812345121', 10, 2, 0, 350, 50, 400, 'Aman', 'SP2', 'Aman', 'SP2'),
(2341, '00812345122', 8, 2, 0, 0, 0, 0, 'Aman', 'Aman', 'Aman', 'Aman'),
(2342, '00812345123', 9, 2, 0, 0, 0, 0, 'Aman', 'Aman', 'Aman', 'Aman'),
(2343, '00812345124', 7, 2, 0, 0, 0, 0, 'Aman', 'Aman', 'Aman', 'Aman'),
(2344, '00812345125', 8, 2, 0, 0, 0, 0, 'Aman', 'Aman', 'Aman', 'Aman'),
(2345, '00812345126', 9, 2, 0, 0, 0, 0, 'Aman', 'Aman', 'Aman', 'Aman'),
(2346, '00812345127', 9, 2, 0, 0, 0, 0, 'Aman', 'Aman', 'Aman', 'Aman'),
(2347, '00812345128', 8, 2, 0, 0, 0, 0, 'Aman', 'Aman', 'Aman', 'Aman'),
(2348, '00812345129', 6, 2, 0, 0, 0, 0, 'Aman', 'Aman', 'Aman', 'Aman'),
(2349, '00812345130', 7, 2, 0, 0, 0, 0, 'Aman', 'Aman', 'Aman', 'Aman'),
(2350, '00812345131', 9, 2, 0, 0, 0, 0, 'Aman', 'Aman', 'Aman', 'Aman'),
(2351, '00812345132', 10, 2, 0, 50, 0, 50, 'Aman', 'Aman', 'Aman', 'Aman'),
(2352, '00812345133', 8, 2, 0, 0, 0, 0, 'Aman', 'Aman', 'Aman', 'Aman'),
(2353, '00812345134', 9, 2, 0, 0, 0, 0, 'Aman', 'Aman', 'Aman', 'Aman'),
(2354, '00812345135', 10, 2, 0, 0, 0, 0, 'Aman', 'Aman', 'Aman', 'Aman'),
(2355, '00812345136', 9, 2, 50, 0, 0, 50, 'Aman', 'Aman', 'Aman', 'Aman'),
(2356, '00812345137', 9, 2, 0, 0, 0, 0, 'Aman', 'Aman', 'Aman', 'Aman'),
(2357, '00812345138', 10, 2, 0, 0, 0, 0, 'Aman', 'Aman', 'Aman', 'Aman'),
(2358, '00812345139', 9, 2, 0, 500, 100, 600, 'Aman', 'SP3', 'SP1', 'SP3'),
(2359, '00812345140', 6, 2, 0, 0, 0, 0, 'Aman', 'Aman', 'Aman', 'Aman'),
(2360, '00812345141', 7, 2, 0, 0, 0, 0, 'Aman', 'Aman', 'Aman', 'Aman'),
(2361, '00812345142', 6, 2, 0, 500, 0, 500, 'Aman', 'SP3', 'Aman', 'SP3'),
(2362, '00812345143', 6, 2, 0, 0, 0, 0, 'Aman', 'Aman', 'Aman', 'Aman'),
(2363, '00812345144', 10, 2, 0, 0, 0, 0, 'Aman', 'Aman', 'Aman', 'Aman'),
(2364, '00812345145', 8, 2, 100, 75, 0, 175, 'Aman', 'SP1', 'Aman', 'SP1'),
(2365, '00812345146', 6, 2, 0, 0, 0, 0, 'Aman', 'Aman', 'Aman', 'Aman'),
(2366, '00812345147', 9, 2, 0, 0, 0, 0, 'Aman', 'Aman', 'Aman', 'Aman'),
(2367, '00812345148', 8, 2, 0, 0, 0, 0, 'Aman', 'Aman', 'Aman', 'Aman'),
(2368, '00812345149', 6, 2, 0, 0, 0, 0, 'Aman', 'Aman', 'Aman', 'Aman'),
(2369, '00812345150', 6, 2, 0, 75, 0, 75, 'Aman', 'SP1', 'Aman', 'SP1'),
(2370, '00812345151', 10, 2, 0, 0, 50, 50, 'Aman', 'Aman', 'Aman', 'Aman'),
(2371, '00812345152', 8, 2, 0, 0, 0, 0, 'Aman', 'Aman', 'Aman', 'Aman'),
(2372, '00812345153', 6, 2, 0, 0, 0, 0, 'Aman', 'Aman', 'Aman', 'Aman'),
(2373, '00812345154', 9, 2, 0, 0, 0, 0, 'Aman', 'Aman', 'Aman', 'Aman'),
(2374, '00812345155', 9, 2, 0, 0, 0, 0, 'Aman', 'Aman', 'Aman', 'Aman'),
(2375, '00812345156', 9, 2, 100, 0, 0, 100, 'Aman', 'Aman', 'Aman', 'Aman'),
(2376, '00812345157', 6, 2, 0, 0, 0, 0, 'Aman', 'Aman', 'Aman', 'Aman'),
(2377, '00812345158', 6, 2, 0, 0, 0, 0, 'Aman', 'Aman', 'Aman', 'Aman'),
(2378, '00812345159', 8, 2, 0, 0, 0, 0, 'Aman', 'Aman', 'Aman', 'Aman'),
(2379, '00812345160', 10, 2, 0, 0, 0, 0, 'Aman', 'Aman', 'Aman', 'Aman'),
(2380, '00812345161', 9, 2, 0, 0, 0, 0, 'Aman', 'Aman', 'Aman', 'Aman'),
(2381, '00812345162', 7, 2, 0, 0, 50, 50, 'Aman', 'Aman', 'Aman', 'Aman'),
(2382, '00812345163', 10, 2, 0, 0, 0, 0, 'Aman', 'Aman', 'Aman', 'Aman'),
(2383, '00812345164', 10, 2, 0, 0, 0, 0, 'Aman', 'Aman', 'Aman', 'Aman'),
(2384, '00812345165', 8, 2, 0, 0, 0, 0, 'Aman', 'Aman', 'Aman', 'Aman'),
(2385, '00812345166', 7, 2, 0, 0, 0, 0, 'Aman', 'Aman', 'Aman', 'Aman'),
(2386, '00812345167', 7, 2, 0, 0, 0, 0, 'Aman', 'Aman', 'Aman', 'Aman'),
(2387, '00812345168', 9, 2, 0, 0, 0, 0, 'Aman', 'Aman', 'Aman', 'Aman'),
(2388, '00812345169', 10, 2, 0, 0, 0, 0, 'Aman', 'Aman', 'Aman', 'Aman'),
(2389, '00812345170', 7, 2, 0, 0, 0, 0, 'Aman', 'Aman', 'Aman', 'Aman'),
(2390, '00812345171', 7, 2, 0, 0, 0, 0, 'Aman', 'Aman', 'Aman', 'Aman'),
(2391, '00812345172', 7, 2, 0, 0, 0, 0, 'Aman', 'Aman', 'Aman', 'Aman'),
(2392, '00812345173', 8, 2, 0, 0, 0, 0, 'Aman', 'Aman', 'Aman', 'Aman'),
(2393, '00812345174', 6, 2, 0, 0, 0, 0, 'Aman', 'Aman', 'Aman', 'Aman'),
(2394, '00812345175', 8, 2, 0, 0, 0, 0, 'Aman', 'Aman', 'Aman', 'Aman'),
(2395, '00812345176', 8, 2, 0, 0, 0, 0, 'Aman', 'Aman', 'Aman', 'Aman'),
(2396, '00812345177', 6, 2, 0, 0, 0, 0, 'Aman', 'Aman', 'Aman', 'Aman'),
(2397, '00812345178', 8, 2, 0, 0, 0, 0, 'Aman', 'Aman', 'Aman', 'Aman'),
(2398, '00812345179', 7, 2, 0, 0, 0, 0, 'Aman', 'Aman', 'Aman', 'Aman'),
(2399, '00812345180', 6, 2, 0, 0, 0, 0, 'Aman', 'Aman', 'Aman', 'Aman'),
(2400, '00812345181', 8, 2, 0, 0, 0, 0, 'Aman', 'Aman', 'Aman', 'Aman'),
(2401, '00812345182', 10, 2, 0, 0, 0, 0, 'Aman', 'Aman', 'Aman', 'Aman'),
(2402, '00812345183', 7, 2, 0, 0, 0, 0, 'Aman', 'Aman', 'Aman', 'Aman'),
(2403, '00812345184', 7, 2, 0, 0, 0, 0, 'Aman', 'Aman', 'Aman', 'Aman'),
(2404, '00812345185', 9, 2, 0, 0, 0, 0, 'Aman', 'Aman', 'Aman', 'Aman'),
(2405, '00812345186', 8, 2, 0, 0, 0, 0, 'Aman', 'Aman', 'Aman', 'Aman'),
(2406, '00812345187', 7, 2, 0, 200, 50, 250, 'Aman', 'SP1', 'Aman', 'SP1'),
(2407, '00812345188', 6, 2, 0, 0, 0, 0, 'Aman', 'Aman', 'Aman', 'Aman'),
(2408, '00812345189', 7, 2, 0, 0, 0, 0, 'Aman', 'Aman', 'Aman', 'Aman'),
(2409, '00812345190', 6, 2, 0, 0, 0, 0, 'Aman', 'Aman', 'Aman', 'Aman'),
(2410, '00812345191', 9, 2, 0, 0, 0, 0, 'Aman', 'Aman', 'Aman', 'Aman'),
(2411, '00812345192', 7, 2, 0, 0, 0, 0, 'Aman', 'Aman', 'Aman', 'Aman'),
(2412, '00812345193', 9, 2, 0, 0, 0, 0, 'Aman', 'Aman', 'Aman', 'Aman'),
(2413, '00812345194', 8, 2, 0, 0, 0, 0, 'Aman', 'Aman', 'Aman', 'Aman'),
(2414, '00812345195', 8, 2, 0, 0, 0, 0, 'Aman', 'Aman', 'Aman', 'Aman'),
(2415, '00812345196', 10, 2, 0, 0, 0, 0, 'Aman', 'Aman', 'Aman', 'Aman'),
(2416, '00812345197', 9, 2, 0, 0, 0, 0, 'Aman', 'Aman', 'Aman', 'Aman'),
(2417, '00812345198', 7, 2, 0, 50, 0, 50, 'Aman', 'Aman', 'Aman', 'Aman'),
(2418, '00812345199', 6, 2, 0, 0, 0, 0, 'Aman', 'Aman', 'Aman', 'Aman'),
(2419, '00812345200', 8, 2, 0, 0, 0, 0, 'Aman', 'Aman', 'Aman', 'Aman'),
(2420, '00812345201', 7, 2, 0, 0, 0, 0, 'Aman', 'Aman', 'Aman', 'Aman'),
(2421, '00812345202', 9, 2, 0, 0, 0, 0, 'Aman', 'Aman', 'Aman', 'Aman'),
(2422, '00812345203', 7, 2, 0, 0, 0, 0, 'Aman', 'Aman', 'Aman', 'Aman'),
(2423, '00812345204', 8, 2, 0, 0, 0, 0, 'Aman', 'Aman', 'Aman', 'Aman'),
(2424, '00812345205', 7, 2, 0, 0, 0, 0, 'Aman', 'Aman', 'Aman', 'Aman'),
(2425, '00812345206', 6, 2, 0, 0, 0, 0, 'Aman', 'Aman', 'Aman', 'Aman'),
(2426, '00812345207', 10, 2, 0, 0, 0, 0, 'Aman', 'Aman', 'Aman', 'Aman'),
(2427, '00812345208', 7, 2, 0, 0, 0, 0, 'Aman', 'Aman', 'Aman', 'Aman'),
(2428, '00812345209', 8, 2, 0, 0, 0, 0, 'Aman', 'Aman', 'Aman', 'Aman'),
(2429, '00812345210', 7, 2, 0, 0, 0, 0, 'Aman', 'Aman', 'Aman', 'Aman'),
(2430, '00812345211', 8, 2, 0, 0, 0, 0, 'Aman', 'Aman', 'Aman', 'Aman'),
(2431, '00812345212', 10, 2, 0, 0, 0, 0, 'Aman', 'Aman', 'Aman', 'Aman'),
(2432, '00812345213', 7, 2, 0, 0, 0, 0, 'Aman', 'Aman', 'Aman', 'Aman'),
(2433, '00812345214', 6, 2, 0, 0, 0, 0, 'Aman', 'Aman', 'Aman', 'Aman'),
(2434, '00812345215', 6, 2, 300, 0, 0, 300, 'SP1', 'Aman', 'Aman', 'SP1'),
(2435, '00812345216', 6, 2, 0, 0, 0, 0, 'Aman', 'Aman', 'Aman', 'Aman'),
(2436, '00812345217', 6, 2, 0, 150, 0, 150, 'Aman', 'SP1', 'Aman', 'SP1'),
(2437, '00812345218', 10, 2, 0, 0, 0, 0, 'Aman', 'Aman', 'Aman', 'Aman'),
(2438, '00812345219', 8, 2, 0, 0, 0, 0, 'Aman', 'Aman', 'Aman', 'Aman'),
(2439, '00812345220', 6, 2, 0, 0, 0, 0, 'Aman', 'Aman', 'Aman', 'Aman'),
(2440, '00812345221', 2, 2, 0, 0, 0, 0, 'Aman', 'Aman', 'Aman', 'Aman'),
(2441, '00812345222', 3, 2, 0, 0, 0, 0, 'Aman', 'Aman', 'Aman', 'Aman'),
(2442, '00812345223', 1, 2, 9999, 0, 0, 9999, 'Sanksi oleh Sekolah', 'Aman', 'Aman', 'Sanksi oleh Sekolah'),
(2443, '00812345224', 2, 2, 0, 0, 0, 0, 'Aman', 'Aman', 'Aman', 'Aman'),
(2444, '00812345225', 5, 2, 0, 0, 0, 0, 'Aman', 'Aman', 'Aman', 'Aman'),
(2445, '00812345226', 3, 2, 0, 0, 0, 0, 'Aman', 'Aman', 'Aman', 'Aman'),
(2446, '00812345227', 4, 2, 0, 75, 0, 75, 'Aman', 'SP1', 'Aman', 'SP1'),
(2447, '00812345228', 2, 2, 0, 0, 0, 0, 'Aman', 'Aman', 'Aman', 'Aman'),
(2448, '00812345229', 5, 2, 0, 0, 0, 0, 'Aman', 'Aman', 'Aman', 'Aman'),
(2449, '00812345230', 3, 2, 0, 50, 50, 100, 'Aman', 'Aman', 'Aman', 'Aman'),
(2450, '00812345231', 4, 2, 0, 0, 0, 0, 'Aman', 'Aman', 'Aman', 'Aman'),
(2451, '00812345232', 5, 2, 0, 0, 0, 0, 'Aman', 'Aman', 'Aman', 'Aman'),
(2452, '00812345233', 4, 2, 0, 0, 0, 0, 'Aman', 'Aman', 'Aman', 'Aman'),
(2453, '00812345234', 1, 2, 0, 75, 0, 75, 'Aman', 'SP1', 'Aman', 'SP1'),
(2454, '00812345235', 4, 2, 0, 0, 0, 0, 'Aman', 'Aman', 'Aman', 'Aman'),
(2455, '00812345236', 3, 2, 0, 0, 0, 0, 'Aman', 'Aman', 'Aman', 'Aman'),
(2456, '00812345237', 1, 2, 0, 0, 0, 0, 'Aman', 'Aman', 'Aman', 'Aman'),
(2457, '00812345238', 5, 2, 0, 0, 0, 0, 'Aman', 'Aman', 'Aman', 'Aman'),
(2458, '00812345239', 1, 2, 0, 0, 0, 0, 'Aman', 'Aman', 'Aman', 'Aman'),
(2459, '00812345240', 1, 2, 0, 0, 0, 0, 'Aman', 'Aman', 'Aman', 'Aman'),
(2460, '00812345241', 5, 2, 0, 0, 0, 0, 'Aman', 'Aman', 'Aman', 'Aman'),
(2461, '00812345242', 4, 2, 0, 0, 0, 0, 'Aman', 'Aman', 'Aman', 'Aman'),
(2462, '00812345243', 5, 2, 0, 300, 0, 300, 'Aman', 'SP2', 'Aman', 'SP2'),
(2463, '00812345244', 2, 2, 0, 50, 0, 50, 'Aman', 'Aman', 'Aman', 'Aman'),
(2464, '00812345245', 3, 2, 0, 0, 0, 0, 'Aman', 'Aman', 'Aman', 'Aman'),
(2465, '00812345246', 5, 2, 0, 0, 0, 0, 'Aman', 'Aman', 'Aman', 'Aman'),
(2466, '00812345247', 3, 2, 0, 0, 0, 0, 'Aman', 'Aman', 'Aman', 'Aman'),
(2467, '00812345248', 1, 2, 0, 0, 0, 0, 'Aman', 'Aman', 'Aman', 'Aman'),
(2468, '00812345249', 3, 2, 0, 0, 0, 0, 'Aman', 'Aman', 'Aman', 'Aman'),
(2469, '00812345250', 1, 2, 0, 0, 0, 0, 'Aman', 'Aman', 'Aman', 'Aman'),
(2470, '00812345251', 4, 2, 0, 0, 0, 0, 'Aman', 'Aman', 'Aman', 'Aman'),
(2471, '00812345252', 2, 2, 0, 0, 0, 0, 'Aman', 'Aman', 'Aman', 'Aman'),
(2472, '00812345253', 5, 2, 50, 0, 50, 100, 'Aman', 'Aman', 'Aman', 'Aman'),
(2473, '00812345254', 1, 2, 0, 0, 0, 0, 'Aman', 'Aman', 'Aman', 'Aman'),
(2474, '00812345255', 3, 2, 0, 300, 0, 300, 'Aman', 'SP2', 'Aman', 'SP2'),
(2475, '00812345256', 3, 2, 0, 0, 0, 0, 'Aman', 'Aman', 'Aman', 'Aman'),
(2476, '00812345257', 5, 2, 0, 0, 0, 0, 'Aman', 'Aman', 'Aman', 'Aman'),
(2477, '00812345258', 2, 2, 0, 0, 0, 0, 'Aman', 'Aman', 'Aman', 'Aman'),
(2478, '00812345259', 5, 2, 0, 0, 50, 50, 'Aman', 'Aman', 'Aman', 'Aman'),
(2479, '00812345260', 2, 2, 0, 0, 0, 0, 'Aman', 'Aman', 'Aman', 'Aman'),
(2480, '00812345261', 1, 2, 0, 50, 0, 50, 'Aman', 'Aman', 'Aman', 'Aman'),
(2481, '00812345262', 1, 2, 0, 0, 0, 0, 'Aman', 'Aman', 'Aman', 'Aman'),
(2482, '00812345263', 3, 2, 0, 0, 0, 0, 'Aman', 'Aman', 'Aman', 'Aman'),
(2483, '00812345264', 4, 2, 0, 0, 0, 0, 'Aman', 'Aman', 'Aman', 'Aman'),
(2484, '00812345265', 3, 2, 0, 0, 0, 0, 'Aman', 'Aman', 'Aman', 'Aman'),
(2485, '00812345266', 5, 2, 0, 0, 0, 0, 'Aman', 'Aman', 'Aman', 'Aman'),
(2486, '00812345267', 5, 2, 0, 0, 0, 0, 'Aman', 'Aman', 'Aman', 'Aman'),
(2487, '00812345268', 2, 2, 0, 0, 0, 0, 'Aman', 'Aman', 'Aman', 'Aman'),
(2488, '00812345269', 5, 2, 0, 75, 0, 75, 'Aman', 'SP1', 'Aman', 'SP1'),
(2489, '00812345270', 5, 2, 0, 25, 0, 25, 'Aman', 'Aman', 'Aman', 'Aman'),
(2490, '00812345271', 2, 2, 0, 0, 0, 0, 'Aman', 'Aman', 'Aman', 'Aman'),
(2491, '00812345272', 3, 2, 0, 0, 50, 50, 'Aman', 'Aman', 'Aman', 'Aman'),
(2492, '00812345273', 1, 2, 0, 0, 0, 0, 'Aman', 'Aman', 'Aman', 'Aman'),
(2493, '00812345274', 4, 2, 0, 0, 0, 0, 'Aman', 'Aman', 'Aman', 'Aman'),
(2494, '00812345275', 5, 2, 0, 0, 0, 0, 'Aman', 'Aman', 'Aman', 'Aman'),
(2495, '00812345276', 5, 2, 0, 25, 0, 25, 'Aman', 'Aman', 'Aman', 'Aman'),
(2496, '00812345277', 5, 2, 0, 0, 0, 0, 'Aman', 'Aman', 'Aman', 'Aman'),
(2497, '00812345278', 5, 2, 0, 0, 0, 0, 'Aman', 'Aman', 'Aman', 'Aman'),
(2498, '00812345279', 4, 2, 0, 0, 0, 0, 'Aman', 'Aman', 'Aman', 'Aman'),
(2499, '00812345280', 3, 2, 100, 0, 0, 100, 'Aman', 'Aman', 'Aman', 'Aman'),
(2500, '00812345281', 2, 2, 0, 0, 0, 0, 'Aman', 'Aman', 'Aman', 'Aman'),
(2501, '00812345282', 1, 2, 0, 0, 0, 0, 'Aman', 'Aman', 'Aman', 'Aman'),
(2502, '00812345283', 3, 2, 0, 0, 0, 0, 'Aman', 'Aman', 'Aman', 'Aman'),
(2503, '00812345284', 5, 2, 0, 0, 0, 0, 'Aman', 'Aman', 'Aman', 'Aman'),
(2504, '00812345285', 2, 2, 0, 0, 0, 0, 'Aman', 'Aman', 'Aman', 'Aman'),
(2505, '00812345286', 1, 2, 0, 0, 0, 0, 'Aman', 'Aman', 'Aman', 'Aman'),
(2506, '00812345287', 1, 2, 0, 0, 0, 0, 'Aman', 'Aman', 'Aman', 'Aman'),
(2507, '00812345288', 1, 2, 0, 100, 0, 100, 'Aman', 'SP1', 'Aman', 'SP1'),
(2508, '00812345289', 2, 2, 0, 0, 0, 0, 'Aman', 'Aman', 'Aman', 'Aman'),
(2509, '00812345290', 5, 2, 0, 0, 0, 0, 'Aman', 'Aman', 'Aman', 'Aman'),
(2510, '00812345291', 5, 2, 0, 0, 0, 0, 'Aman', 'Aman', 'Aman', 'Aman'),
(2511, '00812345292', 5, 2, 0, 0, 0, 0, 'Aman', 'Aman', 'Aman', 'Aman'),
(2512, '00812345293', 1, 2, 0, 50, 0, 50, 'Aman', 'Aman', 'Aman', 'Aman'),
(2513, '00812345294', 1, 2, 0, 0, 0, 0, 'Aman', 'Aman', 'Aman', 'Aman'),
(2514, '00812345295', 1, 2, 0, 50, 0, 50, 'Aman', 'Aman', 'Aman', 'Aman'),
(2515, '00812345296', 2, 2, 0, 0, 0, 0, 'Aman', 'Aman', 'Aman', 'Aman'),
(2516, '00812345297', 5, 2, 0, 0, 0, 0, 'Aman', 'Aman', 'Aman', 'Aman'),
(2517, '00812345298', 4, 2, 0, 0, 0, 0, 'Aman', 'Aman', 'Aman', 'Aman'),
(2518, '00812345299', 1, 2, 0, 0, 0, 0, 'Aman', 'Aman', 'Aman', 'Aman'),
(2519, '00812345300', 5, 2, 300, 0, 0, 300, 'SP1', 'Aman', 'Aman', 'SP1'),
(2520, '00812345301', 3, 2, 0, 0, 0, 0, 'Aman', 'Aman', 'Aman', 'Aman'),
(2521, '00812345302', 4, 2, 0, 0, 0, 0, 'Aman', 'Aman', 'Aman', 'Aman'),
(2522, '00812345303', 2, 2, 0, 0, 0, 0, 'Aman', 'Aman', 'Aman', 'Aman'),
(2523, '00812345304', 2, 2, 0, 0, 0, 0, 'Aman', 'Aman', 'Aman', 'Aman'),
(2524, '00812345305', 3, 2, 0, 0, 0, 0, 'Aman', 'Aman', 'Aman', 'Aman'),
(2525, '00812345306', 2, 2, 0, 0, 0, 0, 'Aman', 'Aman', 'Aman', 'Aman'),
(2526, '00812345307', 1, 2, 0, 0, 0, 0, 'Aman', 'Aman', 'Aman', 'Aman'),
(2527, '00812345308', 2, 2, 0, 0, 0, 0, 'Aman', 'Aman', 'Aman', 'Aman'),
(2528, '00812345309', 4, 2, 0, 0, 0, 0, 'Aman', 'Aman', 'Aman', 'Aman'),
(2529, '00812345310', 2, 2, 0, 0, 0, 0, 'Aman', 'Aman', 'Aman', 'Aman'),
(2530, '00812345311', 3, 2, 0, 0, 0, 0, 'Aman', 'Aman', 'Aman', 'Aman'),
(2531, '00812345312', 3, 2, 0, 0, 0, 0, 'Aman', 'Aman', 'Aman', 'Aman'),
(2532, '00812345313', 4, 2, 0, 0, 0, 0, 'Aman', 'Aman', 'Aman', 'Aman'),
(2533, '00812345314', 2, 2, 0, 0, 0, 0, 'Aman', 'Aman', 'Aman', 'Aman'),
(2534, '00812345315', 3, 2, 0, 0, 0, 0, 'Aman', 'Aman', 'Aman', 'Aman'),
(2535, '00812345316', 2, 2, 0, 0, 0, 0, 'Aman', 'Aman', 'Aman', 'Aman'),
(2536, '00812345317', 1, 2, 0, 0, 0, 0, 'Aman', 'Aman', 'Aman', 'Aman'),
(2537, '00812345318', 2, 2, 0, 0, 0, 0, 'Aman', 'Aman', 'Aman', 'Aman'),
(2538, '00812345319', 4, 2, 0, 0, 50, 50, 'Aman', 'Aman', 'Aman', 'Aman'),
(2539, '00812345320', 5, 2, 0, 0, 0, 0, 'Aman', 'Aman', 'Aman', 'Aman'),
(2540, '00812345321', 3, 2, 0, 0, 0, 0, 'Aman', 'Aman', 'Aman', 'Aman'),
(2541, '00812345322', 2, 2, 0, 0, 0, 0, 'Aman', 'Aman', 'Aman', 'Aman'),
(2542, '00812345323', 3, 2, 0, 0, 0, 0, 'Aman', 'Aman', 'Aman', 'Aman'),
(2543, '00812345324', 3, 2, 0, 0, 0, 0, 'Aman', 'Aman', 'Aman', 'Aman'),
(2544, '00812345325', 5, 2, 0, 0, 0, 0, 'Aman', 'Aman', 'Aman', 'Aman'),
(2545, '00812345326', 1, 2, 0, 0, 0, 0, 'Aman', 'Aman', 'Aman', 'Aman'),
(2546, '00812345327', 3, 2, 0, 0, 0, 0, 'Aman', 'Aman', 'Aman', 'Aman'),
(2547, '00812345328', 2, 2, 0, 0, 0, 0, 'Aman', 'Aman', 'Aman', 'Aman'),
(2548, '00812345329', 5, 2, 50, 0, 0, 50, 'Aman', 'Aman', 'Aman', 'Aman'),
(2549, '00812345330', 2, 2, 0, 0, 0, 0, 'Aman', 'Aman', 'Aman', 'Aman'),
(2550, '00812345111', 14, 3, 0, 0, 0, 0, 'Aman', 'Aman', 'Aman', 'Aman'),
(2551, '00812345112', 15, 3, 0, 0, 0, 0, 'Aman', 'Aman', 'Aman', 'Aman'),
(2552, '00812345113', 11, 3, 0, 0, 0, 0, 'Aman', 'Aman', 'Aman', 'Aman'),
(2553, '00812345114', 14, 3, 0, 0, 0, 0, 'Aman', 'Aman', 'Aman', 'Aman'),
(2554, '00812345115', 14, 3, 0, 0, 0, 0, 'Aman', 'Aman', 'Aman', 'Aman'),
(2555, '00812345116', 14, 3, 0, 0, 0, 0, 'Aman', 'Aman', 'Aman', 'Aman'),
(2556, '00812345117', 12, 3, 300, 0, 0, 300, 'SP1', 'Aman', 'Aman', 'SP1'),
(2557, '00812345118', 13, 3, 300, 0, 0, 300, 'SP1', 'Aman', 'Aman', 'SP1'),
(2558, '00812345119', 11, 3, 0, 0, 0, 0, 'Aman', 'Aman', 'Aman', 'Aman'),
(2559, '00812345120', 13, 3, 0, 0, 0, 0, 'Aman', 'Aman', 'Aman', 'Aman'),
(2560, '00812345121', 11, 3, 0, 50, 100, 150, 'Aman', 'Aman', 'SP1', 'SP1'),
(2561, '00812345122', 12, 3, 0, 0, 0, 0, 'Aman', 'Aman', 'Aman', 'Aman'),
(2562, '00812345123', 15, 3, 50, 0, 0, 50, 'Aman', 'Aman', 'Aman', 'Aman'),
(2563, '00812345124', 13, 3, 0, 0, 0, 0, 'Aman', 'Aman', 'Aman', 'Aman'),
(2564, '00812345125', 14, 3, 0, 0, 0, 0, 'Aman', 'Aman', 'Aman', 'Aman'),
(2565, '00812345126', 11, 3, 0, 0, 0, 0, 'Aman', 'Aman', 'Aman', 'Aman'),
(2566, '00812345127', 13, 3, 0, 0, 0, 0, 'Aman', 'Aman', 'Aman', 'Aman'),
(2567, '00812345128', 11, 3, 0, 0, 0, 0, 'Aman', 'Aman', 'Aman', 'Aman'),
(2568, '00812345129', 14, 3, 0, 75, 0, 75, 'Aman', 'SP1', 'Aman', 'SP1'),
(2569, '00812345130', 11, 3, 0, 0, 0, 0, 'Aman', 'Aman', 'Aman', 'Aman'),
(2570, '00812345131', 14, 3, 0, 0, 0, 0, 'Aman', 'Aman', 'Aman', 'Aman'),
(2571, '00812345132', 12, 3, 0, 0, 0, 0, 'Aman', 'Aman', 'Aman', 'Aman'),
(2572, '00812345133', 11, 3, 0, 0, 0, 0, 'Aman', 'Aman', 'Aman', 'Aman'),
(2573, '00812345134', 13, 3, 0, 0, 0, 0, 'Aman', 'Aman', 'Aman', 'Aman'),
(2574, '00812345135', 14, 3, 0, 0, 0, 0, 'Aman', 'Aman', 'Aman', 'Aman'),
(2575, '00812345136', 12, 3, 0, 0, 0, 0, 'Aman', 'Aman', 'Aman', 'Aman'),
(2576, '00812345137', 11, 3, 0, 0, 0, 0, 'Aman', 'Aman', 'Aman', 'Aman'),
(2577, '00812345138', 12, 3, 75, 0, 75, 150, 'Aman', 'Aman', 'Aman', 'Aman'),
(2578, '00812345139', 15, 3, 0, 0, 0, 0, 'Aman', 'Aman', 'Aman', 'Aman'),
(2579, '00812345140', 14, 3, 0, 50, 75, 125, 'Aman', 'Aman', 'Aman', 'Aman'),
(2580, '00812345141', 15, 3, 0, 0, 0, 0, 'Aman', 'Aman', 'Aman', 'Aman'),
(2581, '00812345142', 15, 3, 0, 500, 50, 550, 'Aman', 'SP3', 'Aman', 'SP3'),
(2582, '00812345143', 11, 3, 0, 0, 0, 0, 'Aman', 'Aman', 'Aman', 'Aman'),
(2583, '00812345144', 13, 3, 0, 0, 0, 0, 'Aman', 'Aman', 'Aman', 'Aman'),
(2584, '00812345145', 15, 3, 0, 0, 0, 0, 'Aman', 'Aman', 'Aman', 'Aman'),
(2585, '00812345146', 11, 3, 0, 0, 0, 0, 'Aman', 'Aman', 'Aman', 'Aman'),
(2586, '00812345147', 14, 3, 0, 0, 0, 0, 'Aman', 'Aman', 'Aman', 'Aman'),
(2587, '00812345148', 14, 3, 0, 0, 0, 0, 'Aman', 'Aman', 'Aman', 'Aman'),
(2588, '00812345149', 11, 3, 0, 0, 0, 0, 'Aman', 'Aman', 'Aman', 'Aman'),
(2589, '00812345150', 12, 3, 0, 0, 0, 0, 'Aman', 'Aman', 'Aman', 'Aman'),
(2590, '00812345151', 15, 3, 0, 0, 0, 0, 'Aman', 'Aman', 'Aman', 'Aman'),
(2591, '00812345152', 13, 3, 0, 0, 0, 0, 'Aman', 'Aman', 'Aman', 'Aman'),
(2592, '00812345153', 13, 3, 0, 0, 0, 0, 'Aman', 'Aman', 'Aman', 'Aman'),
(2593, '00812345154', 11, 3, 0, 350, 150, 500, 'Aman', 'SP2', 'SP1', 'SP2'),
(2594, '00812345155', 14, 3, 0, 0, 0, 0, 'Aman', 'Aman', 'Aman', 'Aman'),
(2595, '00812345156', 14, 3, 0, 0, 0, 0, 'Aman', 'Aman', 'Aman', 'Aman'),
(2596, '00812345157', 12, 3, 0, 0, 0, 0, 'Aman', 'Aman', 'Aman', 'Aman'),
(2597, '00812345158', 12, 3, 300, 0, 100, 400, 'SP1', 'Aman', 'SP1', 'SP1'),
(2598, '00812345159', 11, 3, 0, 0, 0, 0, 'Aman', 'Aman', 'Aman', 'Aman'),
(2599, '00812345160', 14, 3, 0, 0, 0, 0, 'Aman', 'Aman', 'Aman', 'Aman'),
(2600, '00812345161', 13, 3, 0, 0, 0, 0, 'Aman', 'Aman', 'Aman', 'Aman'),
(2601, '00812345162', 12, 3, 0, 0, 0, 0, 'Aman', 'Aman', 'Aman', 'Aman'),
(2602, '00812345163', 11, 3, 0, 50, 0, 50, 'Aman', 'Aman', 'Aman', 'Aman'),
(2603, '00812345164', 12, 3, 0, 0, 0, 0, 'Aman', 'Aman', 'Aman', 'Aman'),
(2604, '00812345165', 13, 3, 0, 0, 0, 0, 'Aman', 'Aman', 'Aman', 'Aman'),
(2605, '00812345166', 14, 3, 0, 0, 0, 0, 'Aman', 'Aman', 'Aman', 'Aman'),
(2606, '00812345167', 13, 3, 0, 0, 50, 50, 'Aman', 'Aman', 'Aman', 'Aman'),
(2607, '00812345168', 13, 3, 0, 0, 0, 0, 'Aman', 'Aman', 'Aman', 'Aman'),
(2608, '00812345169', 15, 3, 0, 0, 0, 0, 'Aman', 'Aman', 'Aman', 'Aman'),
(2609, '00812345170', 11, 3, 0, 0, 0, 0, 'Aman', 'Aman', 'Aman', 'Aman'),
(2610, '00812345171', 13, 3, 0, 0, 0, 0, 'Aman', 'Aman', 'Aman', 'Aman'),
(2611, '00812345172', 11, 3, 0, 0, 0, 0, 'Aman', 'Aman', 'Aman', 'Aman'),
(2612, '00812345173', 11, 3, 0, 0, 0, 0, 'Aman', 'Aman', 'Aman', 'Aman'),
(2613, '00812345174', 15, 3, 0, 0, 0, 0, 'Aman', 'Aman', 'Aman', 'Aman'),
(2614, '00812345175', 15, 3, 600, 0, 0, 600, 'SP1', 'Aman', 'Aman', 'SP1'),
(2615, '00812345176', 14, 3, 0, 0, 0, 0, 'Aman', 'Aman', 'Aman', 'Aman'),
(2616, '00812345177', 15, 3, 0, 0, 0, 0, 'Aman', 'Aman', 'Aman', 'Aman'),
(2617, '00812345178', 11, 3, 0, 0, 0, 0, 'Aman', 'Aman', 'Aman', 'Aman'),
(2618, '00812345179', 15, 3, 0, 100, 0, 100, 'Aman', 'SP1', 'Aman', 'SP1'),
(2619, '00812345180', 13, 3, 0, 0, 0, 0, 'Aman', 'Aman', 'Aman', 'Aman'),
(2620, '00812345181', 12, 3, 0, 0, 0, 0, 'Aman', 'Aman', 'Aman', 'Aman'),
(2621, '00812345182', 13, 3, 0, 0, 0, 0, 'Aman', 'Aman', 'Aman', 'Aman'),
(2622, '00812345183', 12, 3, 0, 0, 0, 0, 'Aman', 'Aman', 'Aman', 'Aman'),
(2623, '00812345184', 14, 3, 0, 50, 0, 50, 'Aman', 'Aman', 'Aman', 'Aman'),
(2624, '00812345185', 12, 3, 0, 0, 0, 0, 'Aman', 'Aman', 'Aman', 'Aman'),
(2625, '00812345186', 13, 3, 0, 0, 0, 0, 'Aman', 'Aman', 'Aman', 'Aman'),
(2626, '00812345187', 11, 3, 0, 0, 0, 0, 'Aman', 'Aman', 'Aman', 'Aman'),
(2627, '00812345188', 11, 3, 50, 50, 0, 100, 'Aman', 'Aman', 'Aman', 'Aman'),
(2628, '00812345189', 14, 3, 0, 0, 0, 0, 'Aman', 'Aman', 'Aman', 'Aman'),
(2629, '00812345190', 14, 3, 0, 0, 0, 0, 'Aman', 'Aman', 'Aman', 'Aman'),
(2630, '00812345191', 11, 3, 0, 0, 0, 0, 'Aman', 'Aman', 'Aman', 'Aman'),
(2631, '00812345192', 12, 3, 0, 0, 0, 0, 'Aman', 'Aman', 'Aman', 'Aman'),
(2632, '00812345193', 11, 3, 0, 0, 0, 0, 'Aman', 'Aman', 'Aman', 'Aman'),
(2633, '00812345194', 13, 3, 0, 0, 50, 50, 'Aman', 'Aman', 'Aman', 'Aman'),
(2634, '00812345195', 13, 3, 0, 0, 0, 0, 'Aman', 'Aman', 'Aman', 'Aman'),
(2635, '00812345196', 13, 3, 0, 0, 50, 50, 'Aman', 'Aman', 'Aman', 'Aman'),
(2636, '00812345197', 13, 3, 50, 25, 0, 75, 'Aman', 'Aman', 'Aman', 'Aman'),
(2637, '00812345198', 14, 3, 0, 0, 0, 0, 'Aman', 'Aman', 'Aman', 'Aman'),
(2638, '00812345199', 15, 3, 0, 0, 0, 0, 'Aman', 'Aman', 'Aman', 'Aman'),
(2639, '00812345200', 15, 3, 0, 0, 0, 0, 'Aman', 'Aman', 'Aman', 'Aman'),
(2640, '00812345201', 11, 3, 0, 0, 0, 0, 'Aman', 'Aman', 'Aman', 'Aman'),
(2641, '00812345202', 14, 3, 0, 0, 50, 50, 'Aman', 'Aman', 'Aman', 'Aman'),
(2642, '00812345203', 15, 3, 0, 0, 0, 0, 'Aman', 'Aman', 'Aman', 'Aman'),
(2643, '00812345204', 13, 3, 0, 0, 0, 0, 'Aman', 'Aman', 'Aman', 'Aman'),
(2644, '00812345205', 13, 3, 0, 0, 0, 0, 'Aman', 'Aman', 'Aman', 'Aman'),
(2645, '00812345206', 12, 3, 0, 0, 0, 0, 'Aman', 'Aman', 'Aman', 'Aman'),
(2646, '00812345207', 15, 3, 0, 0, 0, 0, 'Aman', 'Aman', 'Aman', 'Aman'),
(2647, '00812345208', 12, 3, 0, 50, 0, 50, 'Aman', 'Aman', 'Aman', 'Aman'),
(2648, '00812345209', 15, 3, 0, 0, 0, 0, 'Aman', 'Aman', 'Aman', 'Aman'),
(2649, '00812345210', 12, 3, 0, 0, 0, 0, 'Aman', 'Aman', 'Aman', 'Aman'),
(2650, '00812345211', 11, 3, 0, 0, 0, 0, 'Aman', 'Aman', 'Aman', 'Aman'),
(2651, '00812345212', 14, 3, 0, 0, 0, 0, 'Aman', 'Aman', 'Aman', 'Aman'),
(2652, '00812345213', 12, 3, 0, 0, 0, 0, 'Aman', 'Aman', 'Aman', 'Aman'),
(2653, '00812345214', 11, 3, 0, 0, 0, 0, 'Aman', 'Aman', 'Aman', 'Aman'),
(2654, '00812345215', 13, 3, 0, 0, 0, 0, 'Aman', 'Aman', 'Aman', 'Aman'),
(2655, '00812345216', 15, 3, 0, 0, 0, 0, 'Aman', 'Aman', 'Aman', 'Aman'),
(2656, '00812345217', 14, 3, 0, 0, 0, 0, 'Aman', 'Aman', 'Aman', 'Aman'),
(2657, '00812345218', 13, 3, 0, 50, 50, 100, 'Aman', 'Aman', 'Aman', 'Aman'),
(2658, '00812345219', 15, 3, 0, 0, 0, 0, 'Aman', 'Aman', 'Aman', 'Aman'),
(2659, '00812345220', 14, 3, 0, 0, 0, 0, 'Aman', 'Aman', 'Aman', 'Aman'),
(2660, '00812345221', 9, 3, 0, 0, 0, 0, 'Aman', 'Aman', 'Aman', 'Aman'),
(2661, '00812345222', 9, 3, 0, 0, 0, 0, 'Aman', 'Aman', 'Aman', 'Aman'),
(2662, '00812345223', 8, 3, 0, 0, 0, 0, 'Aman', 'Aman', 'Aman', 'Aman'),
(2663, '00812345224', 10, 3, 50, 0, 50, 100, 'Aman', 'Aman', 'Aman', 'Aman'),
(2664, '00812345225', 10, 3, 0, 0, 0, 0, 'Aman', 'Aman', 'Aman', 'Aman'),
(2665, '00812345226', 6, 3, 0, 0, 0, 0, 'Aman', 'Aman', 'Aman', 'Aman'),
(2666, '00812345227', 6, 3, 0, 50, 0, 50, 'Aman', 'Aman', 'Aman', 'Aman'),
(2667, '00812345228', 7, 3, 0, 0, 0, 0, 'Aman', 'Aman', 'Aman', 'Aman'),
(2668, '00812345229', 10, 3, 0, 0, 0, 0, 'Aman', 'Aman', 'Aman', 'Aman'),
(2669, '00812345230', 10, 3, 0, 0, 0, 0, 'Aman', 'Aman', 'Aman', 'Aman'),
(2670, '00812345231', 7, 3, 0, 0, 0, 0, 'Aman', 'Aman', 'Aman', 'Aman'),
(2671, '00812345232', 7, 3, 0, 0, 0, 0, 'Aman', 'Aman', 'Aman', 'Aman'),
(2672, '00812345233', 10, 3, 0, 50, 50, 100, 'Aman', 'Aman', 'Aman', 'Aman'),
(2673, '00812345234', 8, 3, 0, 0, 0, 0, 'Aman', 'Aman', 'Aman', 'Aman'),
(2674, '00812345235', 7, 3, 0, 50, 0, 50, 'Aman', 'Aman', 'Aman', 'Aman'),
(2675, '00812345236', 7, 3, 0, 0, 0, 0, 'Aman', 'Aman', 'Aman', 'Aman'),
(2676, '00812345237', 9, 3, 0, 0, 0, 0, 'Aman', 'Aman', 'Aman', 'Aman'),
(2677, '00812345238', 8, 3, 500, 0, 0, 500, 'SP1', 'Aman', 'Aman', 'SP1'),
(2678, '00812345239', 9, 3, 0, 0, 0, 0, 'Aman', 'Aman', 'Aman', 'Aman'),
(2679, '00812345240', 8, 3, 0, 0, 0, 0, 'Aman', 'Aman', 'Aman', 'Aman'),
(2680, '00812345241', 10, 3, 0, 0, 0, 0, 'Aman', 'Aman', 'Aman', 'Aman'),
(2681, '00812345242', 9, 3, 0, 0, 0, 0, 'Aman', 'Aman', 'Aman', 'Aman'),
(2682, '00812345243', 9, 3, 0, 0, 0, 0, 'Aman', 'Aman', 'Aman', 'Aman'),
(2683, '00812345244', 7, 3, 0, 75, 0, 75, 'Aman', 'SP1', 'Aman', 'SP1'),
(2684, '00812345245', 6, 3, 0, 0, 0, 0, 'Aman', 'Aman', 'Aman', 'Aman'),
(2685, '00812345246', 10, 3, 0, 0, 0, 0, 'Aman', 'Aman', 'Aman', 'Aman'),
(2686, '00812345247', 6, 3, 0, 0, 0, 0, 'Aman', 'Aman', 'Aman', 'Aman'),
(2687, '00812345248', 8, 3, 0, 0, 0, 0, 'Aman', 'Aman', 'Aman', 'Aman'),
(2688, '00812345249', 9, 3, 0, 0, 0, 0, 'Aman', 'Aman', 'Aman', 'Aman'),
(2689, '00812345250', 7, 3, 0, 0, 0, 0, 'Aman', 'Aman', 'Aman', 'Aman'),
(2690, '00812345251', 6, 3, 0, 0, 0, 0, 'Aman', 'Aman', 'Aman', 'Aman'),
(2691, '00812345252', 9, 3, 300, 0, 50, 350, 'SP1', 'Aman', 'Aman', 'SP1'),
(2692, '00812345253', 9, 3, 0, 0, 0, 0, 'Aman', 'Aman', 'Aman', 'Aman'),
(2693, '00812345254', 10, 3, 200, 100, 75, 375, 'Aman', 'SP1', 'Aman', 'SP1'),
(2694, '00812345255', 6, 3, 0, 0, 0, 0, 'Aman', 'Aman', 'Aman', 'Aman'),
(2695, '00812345256', 6, 3, 0, 0, 0, 0, 'Aman', 'Aman', 'Aman', 'Aman'),
(2696, '00812345257', 9, 3, 0, 0, 0, 0, 'Aman', 'Aman', 'Aman', 'Aman'),
(2697, '00812345258', 7, 3, 0, 0, 0, 0, 'Aman', 'Aman', 'Aman', 'Aman'),
(2698, '00812345259', 6, 3, 100, 0, 100, 200, 'Aman', 'Aman', 'SP1', 'SP1'),
(2699, '00812345260', 9, 3, 0, 0, 0, 0, 'Aman', 'Aman', 'Aman', 'Aman'),
(2700, '00812345261', 7, 3, 0, 0, 50, 50, 'Aman', 'Aman', 'Aman', 'Aman'),
(2701, '00812345262', 6, 3, 0, 0, 0, 0, 'Aman', 'Aman', 'Aman', 'Aman'),
(2702, '00812345263', 8, 3, 0, 0, 0, 0, 'Aman', 'Aman', 'Aman', 'Aman'),
(2703, '00812345264', 7, 3, 0, 0, 75, 75, 'Aman', 'Aman', 'Aman', 'Aman'),
(2704, '00812345265', 7, 3, 0, 0, 0, 0, 'Aman', 'Aman', 'Aman', 'Aman'),
(2705, '00812345266', 10, 3, 0, 0, 0, 0, 'Aman', 'Aman', 'Aman', 'Aman'),
(2706, '00812345267', 10, 3, 0, 0, 0, 0, 'Aman', 'Aman', 'Aman', 'Aman'),
(2707, '00812345268', 10, 3, 0, 0, 0, 0, 'Aman', 'Aman', 'Aman', 'Aman'),
(2708, '00812345269', 10, 3, 0, 0, 0, 0, 'Aman', 'Aman', 'Aman', 'Aman'),
(2709, '00812345270', 7, 3, 0, 0, 0, 0, 'Aman', 'Aman', 'Aman', 'Aman'),
(2710, '00812345271', 7, 3, 0, 0, 0, 0, 'Aman', 'Aman', 'Aman', 'Aman'),
(2711, '00812345272', 6, 3, 0, 0, 0, 0, 'Aman', 'Aman', 'Aman', 'Aman'),
(2712, '00812345273', 7, 3, 0, 0, 0, 0, 'Aman', 'Aman', 'Aman', 'Aman'),
(2713, '00812345274', 6, 3, 0, 0, 0, 0, 'Aman', 'Aman', 'Aman', 'Aman'),
(2714, '00812345275', 6, 3, 0, 50, 0, 50, 'Aman', 'Aman', 'Aman', 'Aman'),
(2715, '00812345276', 8, 3, 100, 150, 0, 250, 'Aman', 'SP1', 'Aman', 'SP1'),
(2716, '00812345277', 10, 3, 0, 0, 0, 0, 'Aman', 'Aman', 'Aman', 'Aman'),
(2717, '00812345278', 9, 3, 0, 0, 0, 0, 'Aman', 'Aman', 'Aman', 'Aman'),
(2718, '00812345279', 7, 3, 0, 0, 0, 0, 'Aman', 'Aman', 'Aman', 'Aman'),
(2719, '00812345280', 6, 3, 0, 0, 0, 0, 'Aman', 'Aman', 'Aman', 'Aman'),
(2720, '00812345281', 10, 3, 0, 0, 0, 0, 'Aman', 'Aman', 'Aman', 'Aman'),
(2721, '00812345282', 6, 3, 0, 0, 0, 0, 'Aman', 'Aman', 'Aman', 'Aman'),
(2722, '00812345283', 6, 3, 0, 0, 0, 0, 'Aman', 'Aman', 'Aman', 'Aman'),
(2723, '00812345284', 9, 3, 0, 0, 0, 0, 'Aman', 'Aman', 'Aman', 'Aman'),
(2724, '00812345285', 8, 3, 0, 0, 0, 0, 'Aman', 'Aman', 'Aman', 'Aman'),
(2725, '00812345286', 8, 3, 0, 0, 0, 0, 'Aman', 'Aman', 'Aman', 'Aman'),
(2726, '00812345287', 8, 3, 375, 100, 50, 525, 'SP1', 'SP1', 'Aman', 'SP1'),
(2727, '00812345288', 9, 3, 0, 0, 0, 0, 'Aman', 'Aman', 'Aman', 'Aman'),
(2728, '00812345289', 8, 3, 0, 0, 0, 0, 'Aman', 'Aman', 'Aman', 'Aman'),
(2729, '00812345290', 6, 3, 300, 0, 50, 350, 'SP1', 'Aman', 'Aman', 'SP1'),
(2730, '00812345291', 7, 3, 0, 0, 0, 0, 'Aman', 'Aman', 'Aman', 'Aman'),
(2731, '00812345292', 7, 3, 0, 0, 0, 0, 'Aman', 'Aman', 'Aman', 'Aman'),
(2732, '00812345293', 10, 3, 0, 0, 0, 0, 'Aman', 'Aman', 'Aman', 'Aman'),
(2733, '00812345294', 10, 3, 0, 0, 0, 0, 'Aman', 'Aman', 'Aman', 'Aman'),
(2734, '00812345295', 7, 3, 0, 0, 0, 0, 'Aman', 'Aman', 'Aman', 'Aman'),
(2735, '00812345296', 7, 3, 0, 0, 0, 0, 'Aman', 'Aman', 'Aman', 'Aman'),
(2736, '00812345297', 9, 3, 0, 0, 0, 0, 'Aman', 'Aman', 'Aman', 'Aman'),
(2737, '00812345298', 7, 3, 0, 0, 0, 0, 'Aman', 'Aman', 'Aman', 'Aman'),
(2738, '00812345299', 7, 3, 0, 0, 0, 0, 'Aman', 'Aman', 'Aman', 'Aman'),
(2739, '00812345300', 6, 3, 0, 0, 0, 0, 'Aman', 'Aman', 'Aman', 'Aman'),
(2740, '00812345301', 10, 3, 50, 0, 0, 50, 'Aman', 'Aman', 'Aman', 'Aman'),
(2741, '00812345302', 7, 3, 0, 0, 0, 0, 'Aman', 'Aman', 'Aman', 'Aman'),
(2742, '00812345303', 7, 3, 0, 0, 0, 0, 'Aman', 'Aman', 'Aman', 'Aman'),
(2743, '00812345304', 9, 3, 0, 0, 0, 0, 'Aman', 'Aman', 'Aman', 'Aman'),
(2744, '00812345305', 6, 3, 0, 0, 0, 0, 'Aman', 'Aman', 'Aman', 'Aman'),
(2745, '00812345306', 7, 3, 0, 0, 0, 0, 'Aman', 'Aman', 'Aman', 'Aman'),
(2746, '00812345307', 7, 3, 0, 0, 0, 0, 'Aman', 'Aman', 'Aman', 'Aman'),
(2747, '00812345308', 10, 3, 150, 125, 175, 450, 'Aman', 'SP1', 'SP1', 'SP1'),
(2748, '00812345309', 6, 3, 0, 0, 0, 0, 'Aman', 'Aman', 'Aman', 'Aman'),
(2749, '00812345310', 7, 3, 0, 0, 0, 0, 'Aman', 'Aman', 'Aman', 'Aman'),
(2750, '00812345311', 10, 3, 0, 0, 0, 0, 'Aman', 'Aman', 'Aman', 'Aman'),
(2751, '00812345312', 6, 3, 0, 0, 0, 0, 'Aman', 'Aman', 'Aman', 'Aman'),
(2752, '00812345313', 8, 3, 0, 0, 0, 0, 'Aman', 'Aman', 'Aman', 'Aman'),
(2753, '00812345314', 6, 3, 0, 0, 0, 0, 'Aman', 'Aman', 'Aman', 'Aman'),
(2754, '00812345315', 7, 3, 0, 0, 75, 75, 'Aman', 'Aman', 'Aman', 'Aman'),
(2755, '00812345316', 8, 3, 0, 0, 50, 50, 'Aman', 'Aman', 'Aman', 'Aman'),
(2756, '00812345317', 10, 3, 0, 0, 0, 0, 'Aman', 'Aman', 'Aman', 'Aman'),
(2757, '00812345318', 9, 3, 0, 0, 0, 0, 'Aman', 'Aman', 'Aman', 'Aman'),
(2758, '00812345319', 7, 3, 0, 0, 0, 0, 'Aman', 'Aman', 'Aman', 'Aman'),
(2759, '00812345320', 7, 3, 0, 0, 0, 0, 'Aman', 'Aman', 'Aman', 'Aman'),
(2760, '00812345321', 9, 3, 0, 0, 0, 0, 'Aman', 'Aman', 'Aman', 'Aman'),
(2761, '00812345322', 9, 3, 0, 0, 0, 0, 'Aman', 'Aman', 'Aman', 'Aman'),
(2762, '00812345323', 7, 3, 300, 0, 0, 300, 'SP1', 'Aman', 'Aman', 'SP1'),
(2763, '00812345324', 8, 3, 0, 0, 0, 0, 'Aman', 'Aman', 'Aman', 'Aman'),
(2764, '00812345325', 8, 3, 0, 0, 0, 0, 'Aman', 'Aman', 'Aman', 'Aman'),
(2765, '00812345326', 10, 3, 0, 0, 0, 0, 'Aman', 'Aman', 'Aman', 'Aman'),
(2766, '00812345327', 10, 3, 0, 0, 0, 0, 'Aman', 'Aman', 'Aman', 'Aman'),
(2767, '00812345328', 10, 3, 0, 0, 0, 0, 'Aman', 'Aman', 'Aman', 'Aman'),
(2768, '00812345329', 6, 3, 0, 0, 0, 0, 'Aman', 'Aman', 'Aman', 'Aman'),
(2769, '00812345330', 7, 3, 0, 0, 0, 0, 'Aman', 'Aman', 'Aman', 'Aman'),
(2770, '00812345331', 1, 3, 0, 50, 0, 50, 'Aman', 'Aman', 'Aman', 'Aman'),
(2771, '00812345332', 3, 3, 50, 75, 0, 125, 'Aman', 'SP1', 'Aman', 'SP1'),
(2772, '00812345333', 3, 3, 0, 0, 0, 0, 'Aman', 'Aman', 'Aman', 'Aman'),
(2773, '00812345334', 5, 3, 500, 25, 0, 525, 'SP1', 'Aman', 'Aman', 'SP1'),
(2774, '00812345335', 5, 3, 0, 0, 0, 0, 'Aman', 'Aman', 'Aman', 'Aman'),
(2775, '00812345336', 2, 3, 0, 0, 100, 100, 'Aman', 'Aman', 'SP1', 'SP1'),
(2776, '00812345337', 2, 3, 0, 0, 0, 0, 'Aman', 'Aman', 'Aman', 'Aman'),
(2777, '00812345338', 2, 3, 0, 0, 0, 0, 'Aman', 'Aman', 'Aman', 'Aman'),
(2778, '00812345339', 1, 3, 0, 0, 0, 0, 'Aman', 'Aman', 'Aman', 'Aman'),
(2779, '00812345340', 3, 3, 0, 0, 0, 0, 'Aman', 'Aman', 'Aman', 'Aman'),
(2780, '00812345341', 2, 3, 0, 0, 0, 0, 'Aman', 'Aman', 'Aman', 'Aman'),
(2781, '00812345342', 1, 3, 0, 0, 0, 0, 'Aman', 'Aman', 'Aman', 'Aman'),
(2782, '00812345343', 1, 3, 200, 0, 0, 200, 'Aman', 'Aman', 'Aman', 'Aman'),
(2783, '00812345344', 2, 3, 0, 0, 0, 0, 'Aman', 'Aman', 'Aman', 'Aman'),
(2784, '00812345345', 4, 3, 0, 0, 0, 0, 'Aman', 'Aman', 'Aman', 'Aman'),
(2785, '00812345346', 1, 3, 0, 0, 0, 0, 'Aman', 'Aman', 'Aman', 'Aman'),
(2786, '00812345347', 2, 3, 0, 0, 0, 0, 'Aman', 'Aman', 'Aman', 'Aman'),
(2787, '00812345348', 3, 3, 100, 0, 100, 200, 'Aman', 'Aman', 'SP1', 'SP1'),
(2788, '00812345349', 4, 3, 0, 0, 0, 0, 'Aman', 'Aman', 'Aman', 'Aman'),
(2789, '00812345350', 3, 3, 0, 0, 0, 0, 'Aman', 'Aman', 'Aman', 'Aman'),
(2790, '00812345351', 2, 3, 0, 0, 0, 0, 'Aman', 'Aman', 'Aman', 'Aman'),
(2791, '00812345352', 2, 3, 0, 0, 0, 0, 'Aman', 'Aman', 'Aman', 'Aman'),
(2792, '00812345353', 5, 3, 0, 0, 0, 0, 'Aman', 'Aman', 'Aman', 'Aman'),
(2793, '00812345354', 4, 3, 0, 0, 0, 0, 'Aman', 'Aman', 'Aman', 'Aman'),
(2794, '00812345355', 5, 3, 0, 0, 0, 0, 'Aman', 'Aman', 'Aman', 'Aman'),
(2795, '00812345356', 2, 3, 100, 600, 0, 700, 'Aman', 'Sanksi oleh Sekolah', 'Aman', 'Sanksi oleh Sekolah'),
(2796, '00812345357', 5, 3, 0, 0, 125, 125, 'Aman', 'Aman', 'SP1', 'SP1'),
(2797, '00812345358', 2, 3, 0, 575, 100, 675, 'Aman', 'SP3', 'SP1', 'SP3'),
(2798, '00812345359', 5, 3, 0, 0, 0, 0, 'Aman', 'Aman', 'Aman', 'Aman'),
(2799, '00812345360', 4, 3, 0, 0, 0, 0, 'Aman', 'Aman', 'Aman', 'Aman'),
(2800, '00812345361', 5, 3, 0, 0, 0, 0, 'Aman', 'Aman', 'Aman', 'Aman'),
(2801, '00812345362', 2, 3, 0, 0, 0, 0, 'Aman', 'Aman', 'Aman', 'Aman'),
(2802, '00812345363', 5, 3, 0, 0, 0, 0, 'Aman', 'Aman', 'Aman', 'Aman'),
(2803, '00812345364', 5, 3, 0, 0, 0, 0, 'Aman', 'Aman', 'Aman', 'Aman'),
(2804, '00812345365', 2, 3, 0, 0, 0, 0, 'Aman', 'Aman', 'Aman', 'Aman'),
(2805, '00812345366', 4, 3, 0, 0, 0, 0, 'Aman', 'Aman', 'Aman', 'Aman'),
(2806, '00812345367', 5, 3, 0, 0, 0, 0, 'Aman', 'Aman', 'Aman', 'Aman'),
(2807, '00812345368', 4, 3, 0, 0, 0, 0, 'Aman', 'Aman', 'Aman', 'Aman'),
(2808, '00812345369', 1, 3, 0, 0, 0, 0, 'Aman', 'Aman', 'Aman', 'Aman'),
(2809, '00812345370', 3, 3, 100, 125, 0, 225, 'Aman', 'SP1', 'Aman', 'SP1'),
(2810, '00812345371', 5, 3, 0, 0, 0, 0, 'Aman', 'Aman', 'Aman', 'Aman'),
(2811, '00812345372', 4, 3, 0, 0, 0, 0, 'Aman', 'Aman', 'Aman', 'Aman'),
(2812, '00812345373', 5, 3, 0, 0, 0, 0, 'Aman', 'Aman', 'Aman', 'Aman'),
(2813, '00812345374', 4, 3, 0, 50, 0, 50, 'Aman', 'Aman', 'Aman', 'Aman'),
(2814, '00812345375', 2, 3, 0, 0, 0, 0, 'Aman', 'Aman', 'Aman', 'Aman'),
(2815, '00812345376', 5, 3, 0, 0, 0, 0, 'Aman', 'Aman', 'Aman', 'Aman'),
(2816, '00812345377', 3, 3, 0, 0, 0, 0, 'Aman', 'Aman', 'Aman', 'Aman'),
(2817, '00812345378', 5, 3, 0, 0, 0, 0, 'Aman', 'Aman', 'Aman', 'Aman'),
(2818, '00812345379', 1, 3, 300, 0, 0, 300, 'SP1', 'Aman', 'Aman', 'SP1'),
(2819, '00812345380', 5, 3, 0, 0, 0, 0, 'Aman', 'Aman', 'Aman', 'Aman'),
(2820, '00812345381', 3, 3, 0, 0, 0, 0, 'Aman', 'Aman', 'Aman', 'Aman'),
(2821, '00812345382', 4, 3, 0, 0, 0, 0, 'Aman', 'Aman', 'Aman', 'Aman'),
(2822, '00812345383', 2, 3, 300, 125, 0, 425, 'SP1', 'SP1', 'Aman', 'SP1'),
(2823, '00812345384', 5, 3, 0, 0, 0, 0, 'Aman', 'Aman', 'Aman', 'Aman'),
(2824, '00812345385', 4, 3, 0, 0, 0, 0, 'Aman', 'Aman', 'Aman', 'Aman'),
(2825, '00812345386', 1, 3, 0, 0, 0, 0, 'Aman', 'Aman', 'Aman', 'Aman'),
(2826, '00812345387', 2, 3, 0, 0, 0, 0, 'Aman', 'Aman', 'Aman', 'Aman'),
(2827, '00812345388', 2, 3, 0, 0, 0, 0, 'Aman', 'Aman', 'Aman', 'Aman'),
(2828, '00812345389', 3, 3, 0, 0, 50, 50, 'Aman', 'Aman', 'Aman', 'Aman'),
(2829, '00812345390', 5, 3, 0, 0, 0, 0, 'Aman', 'Aman', 'Aman', 'Aman'),
(2830, '00812345391', 3, 3, 300, 650, 0, 950, 'SP1', 'Sanksi oleh Sekolah', 'Aman', 'Sanksi oleh Sekolah'),
(2831, '00812345392', 4, 3, 0, 0, 0, 0, 'Aman', 'Aman', 'Aman', 'Aman'),
(2832, '00812345393', 1, 3, 0, 0, 0, 0, 'Aman', 'Aman', 'Aman', 'Aman'),
(2833, '00812345394', 4, 3, 0, 50, 50, 100, 'Aman', 'Aman', 'Aman', 'Aman'),
(2834, '00812345395', 1, 3, 0, 0, 0, 0, 'Aman', 'Aman', 'Aman', 'Aman'),
(2835, '00812345396', 2, 3, 0, 0, 0, 0, 'Aman', 'Aman', 'Aman', 'Aman'),
(2836, '00812345397', 4, 3, 0, 0, 0, 0, 'Aman', 'Aman', 'Aman', 'Aman'),
(2837, '00812345398', 1, 3, 300, 75, 75, 450, 'SP1', 'SP1', 'Aman', 'SP1'),
(2838, '00812345399', 4, 3, 0, 0, 0, 0, 'Aman', 'Aman', 'Aman', 'Aman'),
(2839, '00812345400', 2, 3, 0, 0, 0, 0, 'Aman', 'Aman', 'Aman', 'Aman'),
(2840, '00812345401', 5, 3, 100, 500, 50, 650, 'Aman', 'SP3', 'Aman', 'SP3'),
(2841, '00812345402', 1, 3, 0, 0, 0, 0, 'Aman', 'Aman', 'Aman', 'Aman'),
(2842, '00812345403', 5, 3, 0, 0, 0, 0, 'Aman', 'Aman', 'Aman', 'Aman'),
(2843, '00812345404', 5, 3, 0, 0, 0, 0, 'Aman', 'Aman', 'Aman', 'Aman'),
(2844, '00812345405', 5, 3, 0, 0, 0, 0, 'Aman', 'Aman', 'Aman', 'Aman'),
(2845, '00812345406', 3, 3, 0, 0, 0, 0, 'Aman', 'Aman', 'Aman', 'Aman'),
(2846, '00812345407', 1, 3, 0, 0, 0, 0, 'Aman', 'Aman', 'Aman', 'Aman'),
(2847, '00812345408', 5, 3, 0, 0, 0, 0, 'Aman', 'Aman', 'Aman', 'Aman'),
(2848, '00812345409', 2, 3, 500, 50, 75, 625, 'SP1', 'Aman', 'Aman', 'SP1'),
(2849, '00812345410', 5, 3, 0, 50, 0, 50, 'Aman', 'Aman', 'Aman', 'Aman'),
(2850, '00812345411', 4, 3, 0, 0, 0, 0, 'Aman', 'Aman', 'Aman', 'Aman'),
(2851, '00812345412', 5, 3, 0, 0, 0, 0, 'Aman', 'Aman', 'Aman', 'Aman'),
(2852, '00812345413', 2, 3, 0, 0, 0, 0, 'Aman', 'Aman', 'Aman', 'Aman'),
(2853, '00812345414', 2, 3, 0, 525, 0, 525, 'Aman', 'SP3', 'Aman', 'SP3'),
(2854, '00812345415', 4, 3, 0, 0, 0, 0, 'Aman', 'Aman', 'Aman', 'Aman'),
(2855, '00812345416', 4, 3, 0, 0, 0, 0, 'Aman', 'Aman', 'Aman', 'Aman'),
(2856, '00812345417', 3, 3, 0, 0, 0, 0, 'Aman', 'Aman', 'Aman', 'Aman'),
(2857, '00812345418', 5, 3, 0, 0, 0, 0, 'Aman', 'Aman', 'Aman', 'Aman'),
(2858, '00812345419', 4, 3, 0, 25, 0, 25, 'Aman', 'Aman', 'Aman', 'Aman'),
(2859, '00812345420', 1, 3, 0, 0, 0, 0, 'Aman', 'Aman', 'Aman', 'Aman'),
(2860, '00812345421', 5, 3, 0, 0, 0, 0, 'Aman', 'Aman', 'Aman', 'Aman'),
(2861, '00812345422', 1, 3, 0, 0, 0, 0, 'Aman', 'Aman', 'Aman', 'Aman'),
(2862, '00812345423', 2, 3, 0, 0, 0, 0, 'Aman', 'Aman', 'Aman', 'Aman'),
(2863, '00812345424', 4, 3, 0, 0, 0, 0, 'Aman', 'Aman', 'Aman', 'Aman'),
(2864, '00812345425', 3, 3, 0, 0, 0, 0, 'Aman', 'Aman', 'Aman', 'Aman'),
(2865, '00812345426', 5, 3, 0, 0, 0, 0, 'Aman', 'Aman', 'Aman', 'Aman'),
(2866, '00812345427', 2, 3, 0, 0, 0, 0, 'Aman', 'Aman', 'Aman', 'Aman'),
(2867, '00812345428', 4, 3, 0, 0, 0, 0, 'Aman', 'Aman', 'Aman', 'Aman'),
(2868, '00812345429', 2, 3, 500, 50, 100, 650, 'SP1', 'Aman', 'SP1', 'SP1'),
(2869, '00812345430', 5, 3, 0, 0, 0, 0, 'Aman', 'Aman', 'Aman', 'Aman'),
(2870, '00812345431', 3, 3, 0, 0, 0, 0, 'Aman', 'Aman', 'Aman', 'Aman'),
(2871, '00812345432', 2, 3, 0, 0, 0, 0, 'Aman', 'Aman', 'Aman', 'Aman'),
(2872, '00812345433', 1, 3, 0, 0, 0, 0, 'Aman', 'Aman', 'Aman', 'Aman'),
(2873, '00812345434', 5, 3, 0, 0, 0, 0, 'Aman', 'Aman', 'Aman', 'Aman'),
(2874, '00812345435', 2, 3, 0, 50, 0, 50, 'Aman', 'Aman', 'Aman', 'Aman'),
(2875, '00812345436', 4, 3, 0, 0, 0, 0, 'Aman', 'Aman', 'Aman', 'Aman'),
(2876, '00812345437', 1, 3, 0, 0, 0, 0, 'Aman', 'Aman', 'Aman', 'Aman'),
(2877, '00812345438', 3, 3, 0, 0, 0, 0, 'Aman', 'Aman', 'Aman', 'Aman'),
(2878, '00812345439', 5, 3, 0, 0, 0, 0, 'Aman', 'Aman', 'Aman', 'Aman'),
(2879, '00812345440', 5, 3, 0, 0, 0, 0, 'Aman', 'Aman', 'Aman', 'Aman');

-- FASE: tb_pelanggaran_header
INSERT INTO tb_pelanggaran_header (id_transaksi, id_anggota, id_guru, id_tahun, tanggal, waktu, semester, tipe_form, bukti_foto, lampiran_link, status_revisi, alasan_revisi) VALUES
(2000, 2008, 5, 1, '2023-11-14', '14:41:00', 'Ganjil', 'Piket', '["bukti_terlambat.png"]', NULL, 'None', NULL),
(2001, 2127, 22, 1, '2024-02-08', '10:10:00', 'Genap', 'Piket', '["surat_pernyataan.png"]', NULL, 'None', NULL),
(2002, 2037, 12, 1, '2023-09-04', '07:51:00', 'Ganjil', 'Piket', NULL, 'https://drive.google.com/file/d/demo_evid_2002/view', 'None', NULL),
(2003, 2179, 15, 1, '2024-04-21', '14:44:00', 'Genap', 'Piket', '["bukti_seragam.png"]', NULL, 'None', NULL),
(2004, 2211, 23, 1, '2023-08-12', '10:38:00', 'Ganjil', 'Piket', '["surat_pernyataan.png"]', NULL, 'None', NULL),
(2005, 2067, 25, 1, '2023-09-23', '07:23:00', 'Ganjil', 'Piket', NULL, 'https://drive.google.com/file/d/demo_evid_2005/view', 'None', NULL),
(2006, 2023, 23, 1, '2024-01-22', '13:47:00', 'Genap', 'Kelas', '["bukti_seragam.png"]', NULL, 'None', NULL),
(2007, 2018, 25, 1, '2024-01-01', '11:13:00', 'Genap', 'Kelas', '["surat_pernyataan.png"]', NULL, 'None', NULL),
(2008, 2204, 2, 1, '2024-02-21', '07:22:00', 'Genap', 'Piket', NULL, 'https://drive.google.com/file/d/demo_evid_2008/view', 'None', NULL),
(2009, 2043, 20, 1, '2024-01-28', '08:17:00', 'Genap', 'Piket', '["bukti_terlambat.png"]', NULL, 'None', NULL),
(2010, 2087, 2, 1, '2024-03-13', '09:56:00', 'Genap', 'Piket', '["surat_pernyataan.png"]', NULL, 'Disetujui', 'Salah pilih nama siswa di form'),
(2011, 2127, 23, 1, '2024-04-16', '08:01:00', 'Genap', 'Kelas', NULL, 'https://drive.google.com/file/d/demo_evid_2011/view', 'None', NULL),
(2012, 2058, 15, 1, '2023-11-17', '14:37:00', 'Ganjil', 'Piket', '["bukti_seragam.png"]', NULL, 'None', NULL),
(2013, 2015, 19, 1, '2024-01-17', '11:01:00', 'Genap', 'Kelas', '["surat_pernyataan.png"]', NULL, 'None', NULL),
(2014, 2016, 23, 1, '2024-01-02', '08:20:00', 'Genap', 'Kelas', NULL, 'https://drive.google.com/file/d/demo_evid_2014/view', 'None', NULL),
(2015, 2089, 19, 1, '2024-02-03', '09:59:00', 'Genap', 'Kelas', NULL, NULL, 'None', NULL),
(2016, 2107, 17, 1, '2024-02-24', '08:08:00', 'Genap', 'Piket', '["laporan_kejadian.pdf.png"]', NULL, 'None', NULL),
(2017, 2185, 17, 1, '2024-05-15', '12:30:00', 'Genap', 'Piket', NULL, 'https://drive.google.com/file/d/demo_evid_2017/view', 'None', NULL),
(2018, 2107, 11, 1, '2024-03-08', '12:49:00', 'Genap', 'Kelas', '["bukti_seragam.png"]', NULL, 'None', NULL),
(2019, 2058, 20, 1, '2023-08-10', '07:23:00', 'Ganjil', 'Piket', '["surat_pernyataan.png"]', NULL, 'None', NULL),
(2020, 2211, 16, 1, '2024-02-28', '10:27:00', 'Genap', 'Kelas', NULL, 'https://drive.google.com/file/d/demo_evid_2020/view', 'None', NULL),
(2021, 2155, 12, 1, '2023-11-18', '14:08:00', 'Ganjil', 'Piket', '["bukti_seragam.png"]', NULL, 'None', NULL),
(2022, 2204, 6, 1, '2023-09-12', '08:23:00', 'Ganjil', 'Piket', '["surat_pernyataan.png"]', NULL, 'None', NULL),
(2023, 2204, 18, 1, '2024-05-27', '10:34:00', 'Genap', 'Piket', NULL, 'https://drive.google.com/file/d/demo_evid_2023/view', 'None', NULL),
(2024, 2127, 18, 1, '2023-12-18', '12:48:00', 'Ganjil', 'Piket', '["bukti_terlambat.png"]', NULL, 'None', NULL),
(2025, 2037, 16, 1, '2023-10-24', '07:39:00', 'Ganjil', 'Kelas', '["surat_pernyataan.png"]', NULL, 'None', NULL),
(2026, 2201, 14, 1, '2023-10-03', '07:40:00', 'Ganjil', 'Piket', NULL, 'https://drive.google.com/file/d/demo_evid_2026/view', 'None', NULL),
(2027, 2215, 10, 1, '2023-12-25', '13:29:00', 'Ganjil', 'Piket', '["bukti_seragam.png"]', NULL, 'None', NULL),
(2028, 2216, 5, 1, '2023-11-08', '14:56:00', 'Ganjil', 'Kelas', '["surat_pernyataan.png"]', NULL, 'None', NULL),
(2029, 2211, 16, 1, '2024-02-23', '09:26:00', 'Genap', 'Piket', NULL, 'https://drive.google.com/file/d/demo_evid_2029/view', 'None', NULL),
(2030, 2216, 15, 1, '2024-03-08', '13:53:00', 'Genap', 'Kelas', '["bukti_seragam.png"]', NULL, 'None', NULL),
(2031, 2155, 22, 1, '2023-08-15', '13:05:00', 'Ganjil', 'Kelas', '["laporan_kejadian.pdf.png"]', NULL, 'None', NULL),
(2032, 2036, 18, 1, '2024-04-09', '12:50:00', 'Genap', 'Kelas', NULL, 'https://drive.google.com/file/d/demo_evid_2032/view', 'None', NULL),
(2033, 2192, 16, 1, '2024-01-11', '08:22:00', 'Genap', 'Piket', '["bukti_terlambat.png"]', NULL, 'None', NULL),
(2034, 2125, 2, 1, '2024-05-09', '08:11:00', 'Genap', 'Kelas', '["surat_pernyataan.png"]', NULL, 'None', NULL),
(2035, 2196, 5, 1, '2023-12-05', '14:45:00', 'Ganjil', 'Kelas', NULL, 'https://drive.google.com/file/d/demo_evid_2035/view', 'None', NULL),
(2036, 2018, 10, 1, '2023-12-28', '13:39:00', 'Ganjil', 'Kelas', '["bukti_seragam.png"]', NULL, 'None', NULL),
(2037, 2072, 9, 1, '2024-05-23', '13:11:00', 'Genap', 'Kelas', '["laporan_kejadian.pdf.png"]', NULL, 'None', NULL),
(2038, 2201, 16, 1, '2023-10-23', '10:15:00', 'Ganjil', 'Kelas', NULL, 'https://drive.google.com/file/d/demo_evid_2038/view', 'None', NULL),
(2039, 2201, 16, 1, '2024-05-15', '09:21:00', 'Genap', 'Kelas', '["bukti_seragam.png"]', NULL, 'None', NULL),
(2040, 2211, 17, 1, '2024-05-21', '08:30:00', 'Genap', 'Kelas', '["laporan_kejadian.pdf.png"]', NULL, 'None', NULL),
(2041, 2061, 16, 1, '2023-11-15', '12:44:00', 'Ganjil', 'Piket', NULL, 'https://drive.google.com/file/d/demo_evid_2041/view', 'None', NULL),
(2042, 2016, 3, 1, '2024-05-16', '14:37:00', 'Genap', 'Kelas', '["bukti_seragam.png"]', NULL, 'None', NULL),
(2043, 2149, 22, 1, '2023-12-01', '09:25:00', 'Ganjil', 'Kelas', '["surat_pernyataan.png"]', NULL, 'None', NULL),
(2044, 2068, 5, 1, '2023-11-06', '11:31:00', 'Ganjil', 'Kelas', NULL, 'https://drive.google.com/file/d/demo_evid_2044/view', 'None', NULL),
(2045, 2212, 8, 1, '2023-09-10', '08:28:00', 'Ganjil', 'Kelas', '["bukti_seragam.png"]', NULL, 'None', NULL),
(2046, 2043, 20, 1, '2023-12-25', '14:07:00', 'Ganjil', 'Piket', NULL, NULL, 'None', NULL),
(2047, 2016, 2, 1, '2024-05-06', '09:05:00', 'Genap', 'Kelas', NULL, 'https://drive.google.com/file/d/demo_evid_2047/view', 'None', NULL),
(2048, 2100, 16, 1, '2023-12-06', '14:18:00', 'Ganjil', 'Piket', '["bukti_seragam.png"]', NULL, 'None', NULL),
(2049, 2067, 6, 1, '2024-01-16', '07:05:00', 'Genap', 'Kelas', '["surat_pernyataan.png"]', NULL, 'None', NULL),
(2050, 2358, 24, 2, '2025-04-19', '09:02:00', 'Genap', 'Piket', NULL, 'https://drive.google.com/file/d/demo_evid_2050/view', 'None', NULL),
(2051, 2436, 15, 2, '2024-10-26', '12:12:00', 'Ganjil', 'Piket', '["bukti_seragam.png"]', NULL, 'None', NULL),
(2052, 2306, 6, 2, '2025-04-16', '10:20:00', 'Genap', 'Piket', '["surat_pernyataan.png"]', NULL, 'None', NULL),
(2053, 2291, 7, 2, '2024-10-18', '07:03:00', 'Ganjil', 'Piket', NULL, 'https://drive.google.com/file/d/demo_evid_2053/view', 'None', NULL),
(2054, 2463, 18, 2, '2024-10-09', '13:58:00', 'Ganjil', 'Kelas', '["bukti_seragam.png"]', NULL, 'None', NULL),
(2055, 2247, 18, 2, '2025-04-03', '11:41:00', 'Genap', 'Piket', '["surat_pernyataan.png"]', NULL, 'None', NULL),
(2056, 2538, 15, 2, '2024-09-11', '11:20:00', 'Ganjil', 'Piket', NULL, 'https://drive.google.com/file/d/demo_evid_2056/view', 'None', NULL),
(2057, 2225, 22, 2, '2025-05-05', '13:13:00', 'Genap', 'Piket', '["bukti_seragam.png"]', NULL, 'None', NULL),
(2058, 2512, 11, 2, '2024-09-27', '12:10:00', 'Ganjil', 'Kelas', '["laporan_kejadian.pdf.png"]', NULL, 'None', NULL),
(2059, 2434, 14, 2, '2024-12-19', '13:51:00', 'Ganjil', 'Kelas', NULL, 'https://drive.google.com/file/d/demo_evid_2059/view', 'None', NULL),
(2060, 2406, 4, 2, '2025-04-28', '10:08:00', 'Genap', 'Piket', '["bukti_seragam.png"]', NULL, 'None', NULL),
(2061, 2361, 11, 2, '2024-09-11', '07:52:00', 'Ganjil', 'Kelas', '["laporan_kejadian.pdf.png"]', NULL, 'None', NULL),
(2062, 2285, 17, 2, '2024-08-16', '07:25:00', 'Ganjil', 'Piket', NULL, 'https://drive.google.com/file/d/demo_evid_2062/view', 'None', NULL),
(2063, 2488, 12, 2, '2025-04-22', '13:56:00', 'Genap', 'Piket', '["bukti_terlambat.png"]', NULL, 'None', NULL),
(2064, 2417, 27, 2, '2024-09-12', '07:10:00', 'Ganjil', 'Piket', '["laporan_kejadian.pdf.png"]', NULL, 'None', NULL),
(2065, 2449, 16, 2, '2025-03-21', '07:58:00', 'Genap', 'Kelas', NULL, 'https://drive.google.com/file/d/demo_evid_2065/view', 'None', NULL),
(2066, 2251, 8, 2, '2024-11-19', '14:54:00', 'Ganjil', 'Piket', '["bukti_terlambat.png"]', NULL, 'None', NULL),
(2067, 2287, 27, 2, '2024-12-24', '09:12:00', 'Ganjil', 'Kelas', '["surat_pernyataan.png"]', NULL, 'None', NULL),
(2068, 2446, 20, 2, '2025-01-01', '10:10:00', 'Genap', 'Kelas', NULL, 'https://drive.google.com/file/d/demo_evid_2068/view', 'None', NULL),
(2069, 2351, 1, 2, '2024-11-16', '10:15:00', 'Ganjil', 'Kelas', '["bukti_terlambat.png"]', NULL, 'None', NULL),
(2070, 2254, 12, 2, '2025-05-21', '08:45:00', 'Genap', 'Piket', '["surat_pernyataan.png"]', NULL, 'None', NULL),
(2071, 2462, 10, 2, '2025-01-25', '08:18:00', 'Genap', 'Piket', NULL, 'https://drive.google.com/file/d/demo_evid_2071/view', 'None', NULL),
(2072, 2406, 24, 2, '2024-09-12', '11:25:00', 'Ganjil', 'Kelas', '["bukti_terlambat.png"]', NULL, 'None', NULL),
(2073, 2340, 25, 2, '2024-11-23', '14:27:00', 'Ganjil', 'Kelas', '["surat_pernyataan.png"]', NULL, 'None', NULL),
(2074, 2340, 12, 2, '2024-09-04', '07:14:00', 'Ganjil', 'Kelas', NULL, 'https://drive.google.com/file/d/demo_evid_2074/view', 'None', NULL),
(2075, 2247, 3, 2, '2025-04-06', '13:34:00', 'Genap', 'Kelas', '["bukti_terlambat.png"]', NULL, 'None', NULL),
(2076, 2519, 7, 2, '2024-10-11', '13:23:00', 'Ganjil', 'Kelas', '["surat_pernyataan.png"]', NULL, 'None', NULL),
(2077, 2243, 16, 2, '2025-04-25', '11:48:00', 'Genap', 'Kelas', NULL, 'https://drive.google.com/file/d/demo_evid_2077/view', 'None', NULL),
(2078, 2238, 6, 2, '2024-08-08', '13:05:00', 'Ganjil', 'Piket', '["bukti_seragam.png"]', NULL, 'None', NULL),
(2079, 2507, 8, 2, '2024-11-16', '09:13:00', 'Ganjil', 'Kelas', '["surat_pernyataan.png"]', NULL, 'None', NULL),
(2080, 2251, 16, 2, '2024-09-25', '09:30:00', 'Ganjil', 'Kelas', NULL, 'https://drive.google.com/file/d/demo_evid_2080/view', 'None', NULL),
(2081, 2238, 17, 2, '2024-09-15', '08:10:00', 'Ganjil', 'Kelas', '["bukti_terlambat.png"]', NULL, 'None', NULL),
(2082, 2489, 8, 2, '2024-08-13', '12:58:00', 'Ganjil', 'Piket', '["surat_pernyataan.png"]', NULL, 'None', NULL),
(2083, 2480, 23, 2, '2024-10-19', '12:22:00', 'Ganjil', 'Kelas', NULL, 'https://drive.google.com/file/d/demo_evid_2083/view', 'None', NULL),
(2084, 2491, 17, 2, '2025-02-21', '12:34:00', 'Genap', 'Piket', '["bukti_seragam.png"]', NULL, 'None', NULL),
(2085, 2285, 3, 2, '2025-05-09', '10:56:00', 'Genap', 'Kelas', '["surat_pernyataan.png"]', NULL, 'None', NULL),
(2086, 2364, 20, 2, '2024-09-28', '11:41:00', 'Ganjil', 'Piket', NULL, 'https://drive.google.com/file/d/demo_evid_2086/view', 'None', NULL),
(2087, 2472, 2, 2, '2024-09-27', '09:26:00', 'Ganjil', 'Kelas', '["bukti_terlambat.png"]', NULL, 'None', NULL),
(2088, 2364, 2, 2, '2025-04-16', '07:30:00', 'Genap', 'Piket', '["surat_pernyataan.png"]', NULL, 'None', NULL),
(2089, 2478, 2, 2, '2025-05-16', '08:15:00', 'Genap', 'Piket', NULL, 'https://drive.google.com/file/d/demo_evid_2089/view', 'None', NULL),
(2090, 2472, 16, 2, '2025-05-01', '11:39:00', 'Genap', 'Kelas', '["bukti_seragam.png"]', NULL, 'None', NULL),
(2091, 2436, 17, 2, '2024-10-04', '07:20:00', 'Ganjil', 'Kelas', '["surat_pernyataan.png"]', NULL, 'None', NULL),
(2092, 2340, 7, 2, '2025-01-11', '14:35:00', 'Genap', 'Piket', NULL, 'https://drive.google.com/file/d/demo_evid_2092/view', 'None', NULL),
(2093, 2314, 1, 2, '2024-09-10', '07:45:00', 'Ganjil', 'Kelas', '["bukti_terlambat.png"]', NULL, 'None', NULL),
(2094, 2285, 13, 2, '2025-03-12', '13:06:00', 'Genap', 'Piket', '["laporan_kejadian.pdf.png"]', NULL, 'None', NULL),
(2095, 2406, 20, 2, '2025-03-11', '08:48:00', 'Genap', 'Piket', NULL, 'https://drive.google.com/file/d/demo_evid_2095/view', 'Disetujui', 'Salah pilih nama siswa di form'),
(2096, 2252, 11, 2, '2025-04-09', '09:37:00', 'Genap', 'Kelas', '["bukti_terlambat.png"]', NULL, 'Pending', 'Maaf Pak, anak ini sedang sakit'),
(2097, 2318, 5, 2, '2025-03-15', '13:12:00', 'Genap', 'Kelas', '["laporan_kejadian.pdf.png"]', NULL, 'None', NULL),
(2098, 2355, 16, 2, '2024-12-12', '14:27:00', 'Ganjil', 'Kelas', NULL, 'https://drive.google.com/file/d/demo_evid_2098/view', 'None', NULL),
(2099, 2238, 3, 2, '2024-08-17', '07:54:00', 'Ganjil', 'Piket', '["bukti_seragam.png"]', NULL, 'None', NULL),
(2100, 2453, 12, 2, '2024-11-19', '10:23:00', 'Ganjil', 'Piket', '["laporan_kejadian.pdf.png"]', NULL, 'None', NULL),
(2101, 2326, 23, 2, '2025-03-07', '11:34:00', 'Genap', 'Piket', NULL, 'https://drive.google.com/file/d/demo_evid_2101/view', 'None', NULL),
(2102, 2223, 25, 2, '2024-10-04', '14:34:00', 'Ganjil', 'Kelas', '["bukti_terlambat.png"]', NULL, 'None', NULL),
(2103, 2406, 27, 2, '2025-04-01', '07:40:00', 'Genap', 'Piket', '["laporan_kejadian.pdf.png"]', NULL, 'None', NULL),
(2104, 2369, 10, 2, '2025-03-22', '10:06:00', 'Genap', 'Piket', NULL, 'https://drive.google.com/file/d/demo_evid_2104/view', 'None', NULL),
(2105, 2257, 1, 2, '2025-02-14', '09:48:00', 'Genap', 'Piket', '["bukti_terlambat.png"]', NULL, 'None', NULL),
(2106, 2548, 1, 2, '2024-09-20', '10:00:00', 'Ganjil', 'Piket', '["surat_pernyataan.png"]', NULL, 'None', NULL),
(2107, 2370, 1, 2, '2024-10-03', '13:50:00', 'Ganjil', 'Kelas', NULL, 'https://drive.google.com/file/d/demo_evid_2107/view', 'None', NULL),
(2108, 2285, 9, 2, '2024-08-09', '12:10:00', 'Ganjil', 'Kelas', '["bukti_terlambat.png"]', NULL, 'None', NULL),
(2109, 2247, 26, 2, '2025-01-26', '07:06:00', 'Genap', 'Kelas', '["laporan_kejadian.pdf.png"]', NULL, 'None', NULL),
(2110, 2358, 23, 2, '2024-11-19', '09:59:00', 'Ganjil', 'Kelas', NULL, 'https://drive.google.com/file/d/demo_evid_2110/view', 'None', NULL),
(2111, 2442, 27, 2, '2025-04-02', '07:35:00', 'Genap', 'Piket', '["bukti_terlambat.png"]', NULL, 'None', NULL),
(2112, 2381, 12, 2, '2025-02-11', '14:33:00', 'Genap', 'Kelas', '["laporan_kejadian.pdf.png"]', NULL, 'None', NULL),
(2113, 2436, 13, 2, '2025-02-23', '13:53:00', 'Genap', 'Kelas', NULL, 'https://drive.google.com/file/d/demo_evid_2113/view', 'Disetujui', 'Salah pilih nama siswa di form'),
(2114, 2253, 1, 2, '2024-09-27', '11:24:00', 'Ganjil', 'Kelas', '["bukti_seragam.png"]', NULL, 'None', NULL),
(2115, 2285, 4, 2, '2025-05-18', '12:42:00', 'Genap', 'Piket', '["surat_pernyataan.png"]', NULL, 'None', NULL),
(2116, 2375, 4, 2, '2025-05-22', '10:18:00', 'Genap', 'Kelas', NULL, 'https://drive.google.com/file/d/demo_evid_2116/view', 'None', NULL),
(2117, 2499, 10, 2, '2025-04-05', '13:56:00', 'Genap', 'Kelas', '["bukti_seragam.png"]', NULL, 'None', NULL),
(2118, 2364, 17, 2, '2025-03-22', '10:32:00', 'Genap', 'Piket', '["laporan_kejadian.pdf.png"]', NULL, 'None', NULL),
(2119, 2507, 2, 2, '2025-01-19', '11:03:00', 'Genap', 'Piket', NULL, 'https://drive.google.com/file/d/demo_evid_2119/view', 'None', NULL),
(2120, 2247, 24, 2, '2024-11-06', '09:27:00', 'Ganjil', 'Piket', '["bukti_seragam.png"]', NULL, 'None', NULL),
(2121, 2252, 14, 2, '2025-05-21', '12:53:00', 'Genap', 'Kelas', '["surat_pernyataan.png"]', NULL, 'None', NULL),
(2122, 2495, 13, 2, '2025-05-22', '11:03:00', 'Genap', 'Piket', NULL, 'https://drive.google.com/file/d/demo_evid_2122/view', 'None', NULL),
(2123, 2251, 27, 2, '2024-12-18', '13:13:00', 'Ganjil', 'Piket', '["bukti_terlambat.png"]', NULL, 'None', NULL),
(2124, 2514, 11, 2, '2025-02-03', '08:34:00', 'Genap', 'Piket', '["surat_pernyataan.png"]', NULL, 'None', NULL),
(2125, 2358, 20, 2, '2025-02-20', '10:37:00', 'Genap', 'Piket', NULL, 'https://drive.google.com/file/d/demo_evid_2125/view', 'None', NULL),
(2126, 2449, 15, 2, '2024-10-19', '08:29:00', 'Ganjil', 'Piket', '["bukti_seragam.png"]', NULL, 'None', NULL),
(2127, 2474, 18, 2, '2024-10-21', '07:58:00', 'Ganjil', 'Kelas', '["surat_pernyataan.png"]', NULL, 'None', NULL),
(2128, 2251, 18, 2, '2025-02-01', '11:56:00', 'Genap', 'Kelas', NULL, 'https://drive.google.com/file/d/demo_evid_2128/view', 'None', NULL),
(2129, 2257, 16, 2, '2024-11-27', '07:43:00', 'Ganjil', 'Kelas', '["bukti_terlambat.png"]', NULL, 'None', NULL),
(2130, 2729, 16, 3, '2026-01-14', '11:30:00', 'Genap', 'Piket', '["surat_pernyataan.png"]', NULL, 'None', NULL),
(2131, 2837, 14, 3, '2026-05-15', '07:57:00', 'Genap', 'Piket', NULL, 'https://drive.google.com/file/d/demo_evid_2131/view', 'Disetujui', 'Salah pilih nama siswa di form'),
(2132, 2771, 7, 3, '2026-05-19', '14:37:00', 'Genap', 'Piket', '["bukti_seragam.png"]', NULL, 'None', NULL),
(2133, 2747, 12, 3, '2025-08-20', '08:00:00', 'Ganjil', 'Kelas', '["surat_pernyataan.png"]', NULL, 'None', NULL),
(2134, 2762, 13, 3, '2025-11-16', '10:39:00', 'Ganjil', 'Piket', NULL, 'https://drive.google.com/file/d/demo_evid_2134/view', 'None', NULL),
(2135, 2560, 17, 3, '2025-10-15', '08:32:00', 'Ganjil', 'Piket', '["bukti_terlambat.png"]', NULL, 'None', NULL),
(2136, 2627, 4, 3, '2026-03-11', '13:26:00', 'Genap', 'Kelas', '["laporan_kejadian.pdf.png"]', NULL, 'None', NULL),
(2137, 2840, 16, 3, '2026-01-05', '13:04:00', 'Genap', 'Piket', NULL, 'https://drive.google.com/file/d/demo_evid_2137/view', 'Disetujui', 'Salah pilih nama siswa di form'),
(2138, 2858, 7, 3, '2025-11-27', '14:23:00', 'Ganjil', 'Piket', '["bukti_seragam.png"]', NULL, 'None', NULL),
(2139, 2837, 13, 3, '2025-09-06', '09:44:00', 'Ganjil', 'Kelas', '["laporan_kejadian.pdf.png"]', NULL, 'None', NULL),
(2140, 2557, 26, 3, '2025-08-02', '07:32:00', 'Ganjil', 'Piket', NULL, 'https://drive.google.com/file/d/demo_evid_2140/view', 'None', NULL),
(2141, 2848, 11, 3, '2025-08-08', '12:44:00', 'Ganjil', 'Piket', '["bukti_terlambat.png"]', NULL, 'Disetujui', 'Salah pilih nama siswa di form'),
(2142, 2848, 9, 3, '2025-08-19', '10:03:00', 'Ganjil', 'Kelas', '["surat_pernyataan.png"]', NULL, 'None', NULL),
(2143, 2830, 2, 3, '2025-09-16', '12:43:00', 'Ganjil', 'Kelas', NULL, 'https://drive.google.com/file/d/demo_evid_2143/view', 'None', NULL),
(2144, 2614, 2, 3, '2025-10-19', '13:27:00', 'Ganjil', 'Piket', '["bukti_seragam.png"]', NULL, 'None', NULL),
(2145, 2674, 12, 3, '2025-09-19', '13:08:00', 'Ganjil', 'Piket', '["surat_pernyataan.png"]', NULL, 'None', NULL),
(2146, 2830, 2, 3, '2025-10-02', '14:59:00', 'Ganjil', 'Piket', NULL, 'https://drive.google.com/file/d/demo_evid_2146/view', 'None', NULL),
(2147, 2822, 25, 3, '2026-04-09', '07:35:00', 'Genap', 'Piket', '["bukti_seragam.png"]', NULL, 'None', NULL),
(2148, 2693, 12, 3, '2025-10-13', '08:06:00', 'Ganjil', 'Kelas', '["surat_pernyataan.png"]', NULL, 'None', NULL),
(2149, 2635, 27, 3, '2025-11-28', '10:56:00', 'Ganjil', 'Kelas', NULL, 'https://drive.google.com/file/d/demo_evid_2149/view', 'None', NULL),
(2150, 2703, 12, 3, '2025-08-05', '09:57:00', 'Ganjil', 'Kelas', '["bukti_seragam.png"]', NULL, 'None', NULL),
(2151, 2618, 24, 3, '2025-08-08', '07:57:00', 'Ganjil', 'Piket', '["surat_pernyataan.png"]', NULL, 'None', NULL),
(2152, 2602, 18, 3, '2025-12-15', '07:09:00', 'Ganjil', 'Piket', NULL, 'https://drive.google.com/file/d/demo_evid_2152/view', 'None', NULL),
(2153, 2593, 1, 3, '2026-01-03', '14:51:00', 'Genap', 'Kelas', '["bukti_terlambat.png"]', NULL, 'None', NULL),
(2154, 2747, 8, 3, '2025-11-26', '12:20:00', 'Ganjil', 'Kelas', '["surat_pernyataan.png"]', NULL, 'None', NULL),
(2155, 2714, 20, 3, '2025-11-15', '08:30:00', 'Ganjil', 'Kelas', NULL, 'https://drive.google.com/file/d/demo_evid_2155/view', 'Pending', 'Maaf Pak, anak ini sedang sakit'),
(2156, 2796, 17, 3, '2025-12-09', '11:40:00', 'Ganjil', 'Piket', '["bukti_seragam.png"]', NULL, 'None', NULL),
(2157, 2715, 8, 3, '2025-12-12', '13:08:00', 'Ganjil', 'Piket', '["laporan_kejadian.pdf.png"]', NULL, 'None', NULL),
(2158, 2693, 9, 3, '2026-04-23', '14:23:00', 'Genap', 'Kelas', NULL, 'https://drive.google.com/file/d/demo_evid_2158/view', 'None', NULL),
(2159, 2618, 17, 3, '2026-04-03', '13:35:00', 'Genap', 'Piket', '["bukti_terlambat.png"]', NULL, 'Disetujui', 'Salah pilih nama siswa di form'),
(2160, 2837, 8, 3, '2026-04-04', '11:23:00', 'Genap', 'Kelas', '["laporan_kejadian.pdf.png"]', NULL, 'None', NULL),
(2161, 2770, 24, 3, '2025-08-23', '07:43:00', 'Ganjil', 'Kelas', NULL, 'https://drive.google.com/file/d/demo_evid_2161/view', 'None', NULL),
(2162, 2657, 3, 3, '2025-09-27', '10:11:00', 'Ganjil', 'Piket', '["bukti_terlambat.png"]', NULL, 'None', NULL),
(2163, 2840, 16, 3, '2026-01-27', '09:00:00', 'Genap', 'Kelas', NULL, NULL, 'None', NULL),
(2164, 2693, 9, 3, '2026-02-16', '14:07:00', 'Genap', 'Piket', NULL, 'https://drive.google.com/file/d/demo_evid_2164/view', 'None', NULL),
(2165, 2663, 24, 3, '2025-11-05', '14:19:00', 'Ganjil', 'Piket', '["bukti_seragam.png"]', NULL, 'None', NULL),
(2166, 2747, 6, 3, '2025-09-24', '07:08:00', 'Ganjil', 'Piket', '["surat_pernyataan.png"]', NULL, 'None', NULL),
(2167, 2868, 25, 3, '2025-10-03', '08:07:00', 'Ganjil', 'Piket', NULL, 'https://drive.google.com/file/d/demo_evid_2167/view', 'None', NULL),
(2168, 2828, 4, 3, '2025-11-13', '11:51:00', 'Ganjil', 'Kelas', '["bukti_seragam.png"]', NULL, 'None', NULL),
(2169, 2747, 19, 3, '2025-09-24', '13:29:00', 'Ganjil', 'Piket', '["surat_pernyataan.png"]', NULL, 'None', NULL),
(2170, 2809, 17, 3, '2025-10-03', '10:18:00', 'Ganjil', 'Kelas', NULL, 'https://drive.google.com/file/d/demo_evid_2170/view', 'None', NULL),
(2171, 2691, 19, 3, '2025-09-11', '11:50:00', 'Ganjil', 'Piket', '["bukti_terlambat.png"]', NULL, 'None', NULL),
(2172, 2593, 23, 3, '2025-08-25', '09:26:00', 'Ganjil', 'Kelas', '["laporan_kejadian.pdf.png"]', NULL, 'None', NULL),
(2173, 2726, 22, 3, '2025-11-12', '14:50:00', 'Ganjil', 'Kelas', NULL, 'https://drive.google.com/file/d/demo_evid_2173/view', 'None', NULL),
(2174, 2581, 9, 3, '2025-12-04', '09:47:00', 'Ganjil', 'Piket', '["bukti_seragam.png"]', NULL, 'None', NULL),
(2175, 2809, 1, 3, '2026-03-22', '13:12:00', 'Genap', 'Piket', '["laporan_kejadian.pdf.png"]', NULL, 'None', NULL),
(2176, 2726, 9, 3, '2025-11-17', '11:03:00', 'Ganjil', 'Piket', NULL, 'https://drive.google.com/file/d/demo_evid_2176/view', 'None', NULL),
(2177, 2614, 15, 3, '2026-01-08', '09:43:00', 'Genap', 'Kelas', '["bukti_terlambat.png"]', NULL, 'None', NULL),
(2178, 2636, 10, 3, '2026-04-08', '08:24:00', 'Genap', 'Piket', '["surat_pernyataan.png"]', NULL, 'Ditolak', 'Bukti valid, revisi ditolak'),
(2179, 2641, 26, 3, '2025-12-24', '12:14:00', 'Ganjil', 'Piket', NULL, 'https://drive.google.com/file/d/demo_evid_2179/view', 'None', NULL),
(2180, 2830, 4, 3, '2025-12-13', '10:32:00', 'Ganjil', 'Kelas', '["bukti_terlambat.png"]', NULL, 'None', NULL),
(2181, 2581, 4, 3, '2025-09-26', '09:48:00', 'Ganjil', 'Kelas', '["laporan_kejadian.pdf.png"]', NULL, 'None', NULL),
(2182, 2647, 5, 3, '2025-08-27', '13:11:00', 'Ganjil', 'Kelas', NULL, 'https://drive.google.com/file/d/demo_evid_2182/view', 'None', NULL),
(2183, 2747, 9, 3, '2026-01-14', '12:40:00', 'Genap', 'Kelas', '["bukti_seragam.png"]', NULL, 'None', NULL),
(2184, 2822, 21, 3, '2025-12-14', '09:40:00', 'Ganjil', 'Piket', '["surat_pernyataan.png"]', NULL, 'None', NULL),
(2185, 2830, 12, 3, '2026-03-02', '12:09:00', 'Genap', 'Piket', NULL, 'https://drive.google.com/file/d/demo_evid_2185/view', 'None', NULL),
(2186, 2848, 5, 3, '2026-04-19', '08:20:00', 'Genap', 'Kelas', NULL, NULL, 'None', NULL),
(2187, 2787, 27, 3, '2026-04-20', '10:47:00', 'Genap', 'Piket', '["surat_pernyataan.png"]', NULL, 'None', NULL),
(2188, 2698, 11, 3, '2025-09-04', '10:18:00', 'Ganjil', 'Piket', NULL, 'https://drive.google.com/file/d/demo_evid_2188/view', 'None', NULL),
(2189, 2636, 14, 3, '2025-12-14', '13:34:00', 'Ganjil', 'Kelas', '["bukti_terlambat.png"]', NULL, 'None', NULL),
(2190, 2775, 15, 3, '2025-10-08', '09:22:00', 'Ganjil', 'Piket', '["surat_pernyataan.png"]', NULL, 'None', NULL),
(2191, 2698, 21, 3, '2025-10-27', '07:58:00', 'Ganjil', 'Piket', NULL, 'https://drive.google.com/file/d/demo_evid_2191/view', 'None', NULL),
(2192, 2782, 10, 3, '2026-03-15', '13:47:00', 'Genap', 'Piket', '["bukti_terlambat.png"]', NULL, 'None', NULL),
(2193, 2795, 15, 3, '2025-08-01', '08:39:00', 'Ganjil', 'Kelas', '["laporan_kejadian.pdf.png"]', NULL, 'None', NULL),
(2194, 2657, 4, 3, '2026-03-20', '11:46:00', 'Genap', 'Kelas', NULL, 'https://drive.google.com/file/d/demo_evid_2194/view', 'None', NULL),
(2195, 2795, 23, 3, '2026-02-17', '13:57:00', 'Genap', 'Kelas', NULL, NULL, 'None', NULL),
(2196, 2597, 26, 3, '2025-11-26', '07:50:00', 'Ganjil', 'Piket', '["surat_pernyataan.png"]', NULL, 'None', NULL),
(2197, 2726, 27, 3, '2025-10-21', '14:45:00', 'Ganjil', 'Kelas', NULL, 'https://drive.google.com/file/d/demo_evid_2197/view', 'None', NULL),
(2198, 2771, 6, 3, '2025-08-27', '10:19:00', 'Ganjil', 'Piket', '["bukti_terlambat.png"]', NULL, 'None', NULL),
(2199, 2556, 14, 3, '2026-01-03', '13:55:00', 'Genap', 'Kelas', '["laporan_kejadian.pdf.png"]', NULL, 'None', NULL),
(2200, 2593, 7, 3, '2025-08-28', '10:31:00', 'Ganjil', 'Piket', NULL, 'https://drive.google.com/file/d/demo_evid_2200/view', 'None', NULL),
(2201, 2606, 16, 3, '2025-12-26', '07:25:00', 'Ganjil', 'Piket', '["bukti_seragam.png"]', NULL, 'None', NULL),
(2202, 2623, 1, 3, '2025-11-17', '10:08:00', 'Ganjil', 'Kelas', '["surat_pernyataan.png"]', NULL, 'None', NULL),
(2203, 2715, 26, 3, '2026-02-23', '09:04:00', 'Genap', 'Kelas', NULL, 'https://drive.google.com/file/d/demo_evid_2203/view', 'None', NULL),
(2204, 2840, 2, 3, '2026-03-06', '12:46:00', 'Genap', 'Kelas', '["bukti_seragam.png"]', NULL, 'None', NULL),
(2205, 2787, 18, 3, '2025-12-18', '07:38:00', 'Ganjil', 'Piket', '["surat_pernyataan.png"]', NULL, 'None', NULL),
(2206, 2874, 19, 3, '2026-04-07', '10:38:00', 'Genap', 'Kelas', NULL, 'https://drive.google.com/file/d/demo_evid_2206/view', 'None', NULL),
(2207, 2726, 11, 3, '2025-10-27', '11:14:00', 'Ganjil', 'Piket', '["bukti_terlambat.png"]', NULL, 'None', NULL),
(2208, 2773, 4, 3, '2026-05-28', '10:33:00', 'Genap', 'Piket', '["surat_pernyataan.png"]', NULL, 'None', NULL),
(2209, 2782, 25, 3, '2026-04-23', '09:29:00', 'Genap', 'Piket', NULL, 'https://drive.google.com/file/d/demo_evid_2209/view', 'None', NULL),
(2210, 2568, 14, 3, '2025-11-03', '10:42:00', 'Ganjil', 'Kelas', '["bukti_terlambat.png"]', NULL, 'None', NULL),
(2211, 2849, 2, 3, '2025-09-05', '12:06:00', 'Ganjil', 'Piket', '["surat_pernyataan.png"]', NULL, 'None', NULL),
(2212, 2797, 24, 3, '2026-01-18', '14:49:00', 'Genap', 'Piket', NULL, 'https://drive.google.com/file/d/demo_evid_2212/view', 'None', NULL),
(2213, 2726, 22, 3, '2026-05-06', '07:42:00', 'Genap', 'Kelas', '["bukti_terlambat.png"]', NULL, 'None', NULL),
(2214, 2797, 12, 3, '2025-09-21', '07:09:00', 'Ganjil', 'Piket', '["surat_pernyataan.png"]', NULL, 'None', NULL),
(2215, 2691, 4, 3, '2026-05-14', '10:12:00', 'Genap', 'Piket', NULL, 'https://drive.google.com/file/d/demo_evid_2215/view', 'None', NULL),
(2216, 2627, 10, 3, '2026-01-13', '13:31:00', 'Genap', 'Piket', NULL, NULL, 'None', NULL),
(2217, 2755, 18, 3, '2026-01-06', '10:11:00', 'Genap', 'Kelas', '["laporan_kejadian.pdf.png"]', NULL, 'None', NULL),
(2218, 2809, 8, 3, '2026-02-04', '13:15:00', 'Genap', 'Piket', NULL, 'https://drive.google.com/file/d/demo_evid_2218/view', 'None', NULL),
(2219, 2579, 21, 3, '2026-02-20', '14:55:00', 'Genap', 'Piket', '["bukti_seragam.png"]', NULL, 'None', NULL),
(2220, 2833, 18, 3, '2026-05-16', '09:45:00', 'Genap', 'Piket', '["laporan_kejadian.pdf.png"]', NULL, 'None', NULL),
(2221, 2853, 17, 3, '2025-09-21', '09:50:00', 'Ganjil', 'Kelas', NULL, 'https://drive.google.com/file/d/demo_evid_2221/view', 'None', NULL),
(2222, 2672, 18, 3, '2025-09-03', '11:45:00', 'Ganjil', 'Kelas', '["bukti_seragam.png"]', NULL, 'None', NULL),
(2223, 2740, 27, 3, '2025-09-25', '08:45:00', 'Ganjil', 'Piket', '["laporan_kejadian.pdf.png"]', NULL, 'None', NULL),
(2224, 2813, 17, 3, '2025-12-02', '11:23:00', 'Ganjil', 'Kelas', NULL, NULL, 'None', NULL),
(2225, 2853, 3, 3, '2026-03-21', '10:51:00', 'Genap', 'Piket', '["bukti_terlambat.png"]', NULL, 'None', NULL),
(2226, 2715, 4, 3, '2025-10-26', '09:47:00', 'Ganjil', 'Kelas', '["laporan_kejadian.pdf.png"]', NULL, 'None', NULL),
(2227, 2700, 27, 3, '2025-11-07', '12:08:00', 'Ganjil', 'Kelas', NULL, 'https://drive.google.com/file/d/demo_evid_2227/view', 'None', NULL),
(2228, 2796, 2, 3, '2026-03-23', '12:41:00', 'Genap', 'Kelas', '["bukti_terlambat.png"]', NULL, 'None', NULL),
(2229, 2579, 1, 3, '2026-02-28', '09:46:00', 'Genap', 'Kelas', '["laporan_kejadian.pdf.png"]', NULL, 'None', NULL),
(2230, 2795, 6, 3, '2026-03-20', '10:48:00', 'Genap', 'Kelas', NULL, 'https://drive.google.com/file/d/demo_evid_2230/view', 'None', NULL),
(2231, 2868, 23, 3, '2025-12-25', '14:41:00', 'Ganjil', 'Piket', '["bukti_terlambat.png"]', NULL, 'None', NULL),
(2232, 2795, 1, 3, '2025-11-23', '11:08:00', 'Ganjil', 'Kelas', '["laporan_kejadian.pdf.png"]', NULL, 'None', NULL),
(2233, 2868, 19, 3, '2025-10-24', '13:18:00', 'Ganjil', 'Kelas', NULL, 'https://drive.google.com/file/d/demo_evid_2233/view', 'None', NULL),
(2234, 2797, 12, 3, '2025-11-01', '08:24:00', 'Ganjil', 'Piket', '["bukti_seragam.png"]', NULL, 'None', NULL),
(2235, 2577, 5, 3, '2026-04-02', '12:17:00', 'Genap', 'Piket', '["laporan_kejadian.pdf.png"]', NULL, 'None', NULL),
(2236, 2663, 9, 3, '2026-05-13', '13:14:00', 'Genap', 'Kelas', NULL, 'https://drive.google.com/file/d/demo_evid_2236/view', 'None', NULL),
(2237, 2677, 20, 3, '2026-03-24', '10:21:00', 'Genap', 'Kelas', '["bukti_seragam.png"]', NULL, 'None', NULL),
(2238, 2593, 11, 3, '2026-02-02', '13:04:00', 'Genap', 'Piket', '["laporan_kejadian.pdf.png"]', NULL, 'None', NULL),
(2239, 2597, 24, 3, '2026-05-08', '13:30:00', 'Genap', 'Kelas', NULL, 'https://drive.google.com/file/d/demo_evid_2239/view', 'None', NULL),
(2240, 2560, 25, 3, '2026-03-11', '09:56:00', 'Genap', 'Piket', '["bukti_terlambat.png"]', NULL, 'None', NULL),
(2241, 2715, 10, 3, '2026-05-20', '14:37:00', 'Genap', 'Piket', '["surat_pernyataan.png"]', NULL, 'None', NULL),
(2242, 2822, 15, 3, '2025-12-25', '07:55:00', 'Ganjil', 'Piket', NULL, 'https://drive.google.com/file/d/demo_evid_2242/view', 'None', NULL),
(2243, 2693, 26, 3, '2026-01-13', '08:57:00', 'Genap', 'Kelas', '["bukti_terlambat.png"]', NULL, 'None', NULL),
(2244, 2747, 22, 3, '2026-05-06', '13:19:00', 'Genap', 'Kelas', '["surat_pernyataan.png"]', NULL, 'None', NULL),
(2245, 2683, 22, 3, '2026-05-06', '09:52:00', 'Genap', 'Piket', NULL, 'https://drive.google.com/file/d/demo_evid_2245/view', 'None', NULL),
(2246, 2747, 18, 3, '2026-05-06', '10:48:00', 'Genap', 'Kelas', '["bukti_seragam.png"]', NULL, 'None', NULL),
(2247, 2666, 5, 3, '2026-05-06', '09:23:00', 'Genap', 'Piket', '["surat_pernyataan.png"]', NULL, 'None', NULL),
(2248, 2787, 26, 3, '2026-05-06', '09:58:00', 'Genap', 'Kelas', NULL, 'https://drive.google.com/file/d/demo_evid_2248/view', 'None', NULL),
(2249, 2577, 4, 3, '2026-05-06', '10:26:00', 'Genap', 'Piket', '["bukti_seragam.png"]', NULL, 'None', NULL),
(2250, 2672, 12, 3, '2026-05-06', '10:11:00', 'Genap', 'Kelas', '["surat_pernyataan.png"]', NULL, 'None', NULL),
(2251, 2818, 4, 3, '2026-05-06', '12:44:00', 'Genap', 'Kelas', NULL, 'https://drive.google.com/file/d/demo_evid_2251/view', 'None', NULL),
(2252, 2729, 14, 3, '2026-05-06', '09:08:00', 'Genap', 'Piket', NULL, NULL, 'None', NULL),
(2253, 2773, 16, 3, '2026-05-06', '07:28:00', 'Genap', 'Piket', '["surat_pernyataan.png"]', NULL, 'None', NULL),
(2254, 2593, 10, 3, '2026-05-06', '08:48:00', 'Genap', 'Kelas', NULL, 'https://drive.google.com/file/d/demo_evid_2254/view', 'None', NULL),
(2255, 2562, 18, 3, '2026-05-06', '08:09:00', 'Genap', 'Piket', '["bukti_seragam.png"]', NULL, 'None', NULL),
(2256, 2754, 6, 3, '2026-05-06', '12:34:00', 'Genap', 'Kelas', '["laporan_kejadian.pdf.png"]', NULL, 'None', NULL),
(2257, 2633, 21, 3, '2026-05-06', '09:07:00', 'Genap', 'Piket', NULL, 'https://drive.google.com/file/d/demo_evid_2257/view', 'None', NULL),
(2258, 2833, 4, 3, '2026-05-06', '07:39:00', 'Genap', 'Kelas', '["bukti_seragam.png"]', NULL, 'None', NULL),
(2259, 2726, 10, 3, '2026-05-06', '07:58:00', 'Genap', 'Kelas', '["laporan_kejadian.pdf.png"]', NULL, 'None', NULL);

-- FASE: tb_pelanggaran_detail
INSERT INTO tb_pelanggaran_detail (id_detail, id_transaksi, id_jenis, poin_saat_itu) VALUES
(2000, 2000, 40, 75),
(2001, 2001, 63, 50),
(2002, 2002, 46, 75),
(2003, 2003, 46, 75),
(2004, 2004, 48, 50),
(2005, 2005, 48, 50),
(2006, 2006, 61, 50),
(2007, 2007, 40, 75),
(2008, 2008, 52, 50),
(2009, 2009, 61, 50),
(2010, 2010, 47, 25),
(2011, 2011, 52, 50),
(2012, 2012, 67, 50),
(2013, 2013, 52, 50),
(2014, 2014, 38, 25),
(2015, 2015, 62, 50),
(2016, 2016, 41, 300),
(2017, 2017, 56, 50),
(2018, 2018, 42, 500),
(2019, 2019, 28, 75),
(2020, 2020, 45, 50),
(2021, 2021, 51, 50),
(2022, 2022, 55, 50),
(2023, 2023, 4, 500),
(2024, 2024, 27, 300),
(2025, 2025, 68, 50),
(2026, 2026, 25, 300),
(2027, 2027, 60, 100),
(2028, 2028, 45, 50),
(2029, 2029, 39, 75),
(2030, 2030, 49, 50),
(2031, 2031, 3, 100),
(2032, 2032, 59, 100),
(2033, 2033, 47, 25),
(2034, 2034, 40, 75),
(2035, 2035, 64, 50),
(2036, 2036, 50, 50),
(2037, 2037, 53, 75),
(2038, 2038, 53, 75),
(2039, 2039, 48, 50),
(2040, 2040, 59, 100),
(2041, 2041, 59, 100),
(2042, 2042, 20, 500),
(2043, 2043, 56, 50),
(2044, 2044, 43, 50),
(2045, 2045, 41, 300),
(2046, 2046, 33, 300),
(2047, 2047, 39, 75),
(2048, 2048, 46, 75),
(2049, 2049, 49, 50),
(2050, 2050, 42, 500),
(2051, 2051, 43, 50),
(2052, 2052, 53, 75),
(2053, 2053, 52, 50),
(2054, 2054, 43, 50),
(2055, 2055, 54, 75),
(2056, 2056, 68, 50),
(2057, 2057, 11, 100),
(2058, 2058, 52, 50),
(2059, 2059, 19, 300),
(2060, 2060, 56, 50),
(2061, 2061, 42, 500),
(2062, 2062, 52, 50),
(2063, 2063, 40, 75),
(2064, 2064, 45, 50),
(2065, 2065, 55, 50),
(2066, 2066, 62, 50),
(2067, 2067, 23, 500),
(2068, 2068, 46, 75),
(2069, 2069, 49, 50),
(2070, 2070, 39, 75),
(2071, 2071, 41, 300),
(2072, 2072, 40, 75),
(2073, 2073, 41, 300),
(2074, 2074, 69, 50),
(2075, 2075, 48, 50),
(2076, 2076, 37, 300),
(2077, 2077, 41, 300),
(2078, 2078, 38, 25),
(2079, 2079, 38, 25),
(2080, 2080, 51, 50),
(2081, 2081, 1, 100),
(2082, 2082, 38, 25),
(2083, 2083, 49, 50),
(2084, 2084, 62, 50),
(2085, 2085, 17, 300),
(2086, 2086, 46, 75),
(2087, 2087, 34, 50),
(2088, 2088, 32, 50),
(2089, 2089, 69, 50),
(2090, 2090, 65, 50),
(2091, 2091, 45, 50),
(2092, 2092, 52, 50),
(2093, 2093, 69, 50),
(2094, 2094, 48, 50),
(2095, 2095, 52, 50),
(2096, 2096, 9, 100),
(2097, 2097, 70, 25),
(2098, 2098, 30, 50),
(2099, 2099, 56, 50),
(2100, 2100, 46, 75),
(2101, 2101, 37, 300),
(2102, 2102, 42, 500),
(2103, 2103, 46, 75),
(2104, 2104, 40, 75),
(2105, 2105, 28, 75),
(2106, 2106, 34, 50),
(2107, 2107, 68, 50),
(2108, 2108, 56, 50),
(2109, 2109, 11, 100),
(2110, 2110, 56, 50),
(2111, 2111, 21, 9999),
(2112, 2112, 64, 50),
(2113, 2113, 52, 50),
(2114, 2114, 66, 100),
(2115, 2115, 46, 75),
(2116, 2116, 1, 100),
(2117, 2117, 7, 100),
(2118, 2118, 32, 50),
(2119, 2119, 40, 75),
(2120, 2120, 56, 50),
(2121, 2121, 36, 50),
(2122, 2122, 38, 25),
(2123, 2123, 40, 75),
(2124, 2124, 44, 50),
(2125, 2125, 58, 50),
(2126, 2126, 44, 50),
(2127, 2127, 41, 300),
(2128, 2128, 31, 50),
(2129, 2129, 31, 50),
(2130, 2130, 68, 50),
(2131, 2131, 16, 300),
(2132, 2132, 46, 75),
(2133, 2133, 34, 50),
(2134, 2134, 24, 300),
(2135, 2135, 59, 100),
(2136, 2136, 31, 50),
(2137, 2137, 42, 500),
(2138, 2138, 38, 25),
(2139, 2139, 39, 75),
(2140, 2140, 17, 300),
(2141, 2141, 4, 500),
(2142, 2142, 54, 75),
(2143, 2143, 39, 75),
(2144, 2144, 15, 100),
(2145, 2145, 49, 50),
(2146, 2146, 42, 500),
(2147, 2147, 22, 300),
(2148, 2148, 44, 50),
(2149, 2149, 64, 50),
(2150, 2150, 54, 75),
(2151, 2151, 43, 50),
(2152, 2152, 52, 50),
(2153, 2153, 41, 300),
(2154, 2154, 46, 75),
(2155, 2155, 44, 50),
(2156, 2156, 53, 75),
(2157, 2157, 49, 50),
(2158, 2158, 54, 75),
(2159, 2159, 44, 50),
(2160, 2160, 53, 75),
(2161, 2161, 52, 50),
(2162, 2162, 58, 50),
(2163, 2163, 10, 100),
(2164, 2164, 6, 200),
(2165, 2165, 63, 50),
(2166, 2166, 51, 50),
(2167, 2167, 43, 50),
(2168, 2168, 62, 50),
(2169, 2169, 69, 50),
(2170, 2170, 52, 50),
(2171, 2171, 58, 50),
(2172, 2172, 48, 50),
(2173, 2173, 51, 50),
(2174, 2174, 68, 50),
(2175, 2175, 12, 100),
(2176, 2176, 47, 25),
(2177, 2177, 23, 500),
(2178, 2178, 47, 25),
(2179, 2179, 62, 50),
(2180, 2180, 46, 75),
(2181, 2181, 42, 500),
(2182, 2182, 45, 50),
(2183, 2183, 69, 50),
(2184, 2184, 44, 50),
(2185, 2185, 19, 300),
(2186, 2186, 52, 50),
(2187, 2187, 67, 50),
(2188, 2188, 60, 100),
(2189, 2189, 35, 50),
(2190, 2190, 66, 100),
(2191, 2191, 15, 100),
(2192, 2192, 9, 100),
(2193, 2193, 42, 500),
(2194, 2194, 51, 50),
(2195, 2195, 44, 50),
(2196, 2196, 60, 100),
(2197, 2197, 28, 75),
(2198, 2198, 32, 50),
(2199, 2199, 24, 300),
(2200, 2200, 62, 50),
(2201, 2201, 57, 50),
(2202, 2202, 43, 50),
(2203, 2203, 51, 50),
(2204, 2204, 57, 50),
(2205, 2205, 10, 100),
(2206, 2206, 43, 50),
(2207, 2207, 38, 25),
(2208, 2208, 23, 500),
(2209, 2209, 11, 100),
(2210, 2210, 39, 75),
(2211, 2211, 49, 50),
(2212, 2212, 46, 75),
(2213, 2213, 22, 300),
(2214, 2214, 66, 100),
(2215, 2215, 19, 300),
(2216, 2216, 51, 50),
(2217, 2217, 69, 50),
(2218, 2218, 39, 75),
(2219, 2219, 50, 50),
(2220, 2220, 56, 50),
(2221, 2221, 38, 25),
(2222, 2222, 49, 50),
(2223, 2223, 34, 50),
(2224, 2224, 44, 50),
(2225, 2225, 42, 500),
(2226, 2226, 43, 50),
(2227, 2227, 64, 50),
(2228, 2228, 69, 50),
(2229, 2229, 53, 75),
(2230, 2230, 1, 100),
(2231, 2231, 60, 100),
(2232, 2232, 48, 50),
(2233, 2233, 20, 500),
(2234, 2234, 42, 500),
(2235, 2235, 28, 75),
(2236, 2236, 36, 50),
(2237, 2237, 4, 500),
(2238, 2238, 57, 50),
(2239, 2239, 17, 300),
(2240, 2240, 52, 50),
(2241, 2241, 13, 100),
(2242, 2242, 40, 75),
(2243, 2243, 52, 50),
(2244, 2244, 53, 75),
(2245, 2245, 39, 75),
(2246, 2246, 12, 100),
(2247, 2247, 44, 50),
(2248, 2248, 55, 50),
(2249, 2249, 53, 75),
(2250, 2250, 68, 50),
(2251, 2251, 17, 300),
(2252, 2252, 25, 300),
(2253, 2253, 38, 25),
(2254, 2254, 64, 50),
(2255, 2255, 35, 50),
(2256, 2256, 53, 75),
(2257, 2257, 58, 50),
(2258, 2258, 48, 50),
(2259, 2259, 63, 50);

-- FASE: tb_pelanggaran_sanksi
INSERT INTO tb_pelanggaran_sanksi (id_trans_sanksi, id_transaksi, id_sanksi_ref) VALUES
(2000, 2000, 7),
(2001, 2000, 8),
(2002, 2001, 1),
(2003, 2002, 7),
(2004, 2002, 8),
(2005, 2003, 7),
(2006, 2003, 8),
(2007, 2004, 2),
(2008, 2005, 2),
(2009, 2006, 1),
(2010, 2006, 2),
(2011, 2006, 5),
(2012, 2006, 7),
(2013, 2007, 7),
(2014, 2007, 8),
(2015, 2008, 7),
(2016, 2009, 1),
(2017, 2009, 2),
(2018, 2009, 5),
(2019, 2009, 7),
(2020, 2010, 1),
(2021, 2011, 7),
(2022, 2012, 1),
(2023, 2013, 7),
(2024, 2014, 2),
(2025, 2014, 5),
(2026, 2014, 7),
(2027, 2014, 8),
(2028, 2015, 1),
(2029, 2016, 1),
(2030, 2016, 7),
(2031, 2017, 1),
(2032, 2018, 1),
(2033, 2018, 7),
(2034, 2018, 8),
(2035, 2018, 9),
(2036, 2019, 1),
(2037, 2019, 3),
(2038, 2020, 1),
(2039, 2020, 2),
(2040, 2021, 2),
(2041, 2022, 1),
(2042, 2023, 1),
(2043, 2023, 4),
(2044, 2023, 7),
(2045, 2024, 1),
(2046, 2024, 7),
(2047, 2024, 8),
(2048, 2025, 1),
(2049, 2026, 10),
(2050, 2027, 1),
(2051, 2028, 1),
(2052, 2028, 2),
(2053, 2029, 7),
(2054, 2029, 8),
(2055, 2030, 2),
(2056, 2031, 1),
(2057, 2032, 1),
(2058, 2033, 1),
(2059, 2034, 7),
(2060, 2034, 8),
(2061, 2035, 1),
(2062, 2036, 7),
(2063, 2036, 8),
(2064, 2037, 1),
(2065, 2037, 2),
(2066, 2037, 5),
(2067, 2037, 7),
(2068, 2038, 1),
(2069, 2038, 2),
(2070, 2038, 5),
(2071, 2038, 7),
(2072, 2039, 2),
(2073, 2040, 1),
(2074, 2041, 1),
(2075, 2042, 7),
(2076, 2042, 8),
(2077, 2042, 9),
(2078, 2042, 10),
(2079, 2043, 1),
(2080, 2044, 1),
(2081, 2044, 2),
(2082, 2045, 1),
(2083, 2045, 7),
(2084, 2046, 1),
(2085, 2046, 5),
(2086, 2047, 7),
(2087, 2047, 8),
(2088, 2048, 7),
(2089, 2048, 8),
(2090, 2049, 2),
(2091, 2050, 1),
(2092, 2050, 7),
(2093, 2050, 8),
(2094, 2050, 9),
(2095, 2051, 1),
(2096, 2051, 2),
(2097, 2052, 1),
(2098, 2052, 2),
(2099, 2052, 5),
(2100, 2052, 7),
(2101, 2053, 7),
(2102, 2054, 1),
(2103, 2054, 2),
(2104, 2055, 1),
(2105, 2055, 2),
(2106, 2055, 5),
(2107, 2055, 7),
(2108, 2056, 1),
(2109, 2057, 1),
(2110, 2057, 2),
(2111, 2058, 7),
(2112, 2059, 7),
(2113, 2059, 8),
(2114, 2060, 1),
(2115, 2061, 1),
(2116, 2061, 7),
(2117, 2061, 8),
(2118, 2061, 9),
(2119, 2062, 7),
(2120, 2063, 7),
(2121, 2063, 8),
(2122, 2064, 1),
(2123, 2064, 2),
(2124, 2065, 1),
(2125, 2066, 1),
(2126, 2067, 1),
(2127, 2067, 7),
(2128, 2067, 8),
(2129, 2067, 9),
(2130, 2068, 7),
(2131, 2068, 8),
(2132, 2069, 2),
(2133, 2070, 7),
(2134, 2070, 8),
(2135, 2071, 1),
(2136, 2071, 7),
(2137, 2072, 7),
(2138, 2072, 8),
(2139, 2073, 1),
(2140, 2073, 7),
(2141, 2074, 1),
(2142, 2075, 2),
(2143, 2076, 1),
(2144, 2076, 7),
(2145, 2076, 8),
(2146, 2076, 9),
(2147, 2077, 1),
(2148, 2077, 7),
(2149, 2078, 2),
(2150, 2078, 5),
(2151, 2078, 7),
(2152, 2078, 8),
(2153, 2079, 2),
(2154, 2079, 5),
(2155, 2079, 7),
(2156, 2079, 8),
(2157, 2080, 2),
(2158, 2081, 5),
(2159, 2082, 2),
(2160, 2082, 5),
(2161, 2082, 7),
(2162, 2082, 8),
(2163, 2083, 2),
(2164, 2084, 1),
(2165, 2085, 7),
(2166, 2085, 8),
(2167, 2086, 7),
(2168, 2086, 8),
(2169, 2087, 1),
(2170, 2087, 2),
(2171, 2088, 1),
(2172, 2088, 2),
(2173, 2089, 1),
(2174, 2090, 1),
(2175, 2091, 1),
(2176, 2091, 2),
(2177, 2092, 7),
(2178, 2093, 1),
(2179, 2094, 2),
(2180, 2095, 7),
(2181, 2096, 1),
(2182, 2097, 1),
(2183, 2098, 1),
(2184, 2098, 2),
(2185, 2099, 1),
(2186, 2100, 7),
(2187, 2100, 8),
(2188, 2101, 1),
(2189, 2101, 7),
(2190, 2101, 8),
(2191, 2101, 9),
(2192, 2102, 1),
(2193, 2102, 7),
(2194, 2102, 8),
(2195, 2102, 9),
(2196, 2103, 7),
(2197, 2103, 8),
(2198, 2104, 7),
(2199, 2104, 8),
(2200, 2105, 1),
(2201, 2105, 3),
(2202, 2106, 1),
(2203, 2106, 2),
(2204, 2107, 1),
(2205, 2108, 1),
(2206, 2109, 1),
(2207, 2109, 2),
(2208, 2110, 1),
(2209, 2111, 10),
(2210, 2112, 1),
(2211, 2113, 7),
(2212, 2114, 1),
(2213, 2114, 7),
(2214, 2115, 7),
(2215, 2115, 8),
(2216, 2116, 5),
(2217, 2117, 1),
(2218, 2118, 1),
(2219, 2118, 2),
(2220, 2119, 7),
(2221, 2119, 8),
(2222, 2120, 1),
(2223, 2121, 1),
(2224, 2121, 2),
(2225, 2121, 6),
(2226, 2122, 2),
(2227, 2122, 5),
(2228, 2122, 7),
(2229, 2122, 8),
(2230, 2123, 7),
(2231, 2123, 8),
(2232, 2124, 1),
(2233, 2124, 2),
(2234, 2125, 5),
(2235, 2126, 1),
(2236, 2126, 2),
(2237, 2127, 1),
(2238, 2127, 7),
(2239, 2128, 1),
(2240, 2128, 2),
(2241, 2129, 1),
(2242, 2129, 2),
(2243, 2130, 1),
(2244, 2131, 7),
(2245, 2132, 7),
(2246, 2132, 8),
(2247, 2133, 1),
(2248, 2133, 2),
(2249, 2134, 1),
(2250, 2134, 2),
(2251, 2134, 7),
(2252, 2134, 8),
(2253, 2134, 9),
(2254, 2135, 1),
(2255, 2136, 1),
(2256, 2136, 2),
(2257, 2137, 1),
(2258, 2137, 7),
(2259, 2137, 8),
(2260, 2137, 9),
(2261, 2138, 2),
(2262, 2138, 5),
(2263, 2138, 7),
(2264, 2138, 8),
(2265, 2139, 7),
(2266, 2139, 8),
(2267, 2140, 7),
(2268, 2140, 8),
(2269, 2141, 1),
(2270, 2141, 4),
(2271, 2141, 7),
(2272, 2142, 1),
(2273, 2142, 2),
(2274, 2142, 5),
(2275, 2142, 7),
(2276, 2143, 7),
(2277, 2143, 8),
(2278, 2144, 1),
(2279, 2144, 2),
(2280, 2144, 7),
(2281, 2144, 8),
(2282, 2145, 2),
(2283, 2146, 1),
(2284, 2146, 7),
(2285, 2146, 8),
(2286, 2146, 9),
(2287, 2147, 1),
(2288, 2147, 7),
(2289, 2148, 1),
(2290, 2148, 2),
(2291, 2149, 1),
(2292, 2150, 1),
(2293, 2150, 2),
(2294, 2150, 5),
(2295, 2150, 7),
(2296, 2151, 1),
(2297, 2151, 2),
(2298, 2152, 7),
(2299, 2153, 1),
(2300, 2153, 7),
(2301, 2154, 7),
(2302, 2154, 8),
(2303, 2155, 1),
(2304, 2155, 2),
(2305, 2156, 1),
(2306, 2156, 2),
(2307, 2156, 5),
(2308, 2156, 7),
(2309, 2157, 2),
(2310, 2158, 1),
(2311, 2158, 2),
(2312, 2158, 5),
(2313, 2158, 7),
(2314, 2159, 1),
(2315, 2159, 2),
(2316, 2160, 1),
(2317, 2160, 2),
(2318, 2160, 5),
(2319, 2160, 7),
(2320, 2161, 7),
(2321, 2162, 5),
(2322, 2163, 1),
(2323, 2163, 2),
(2324, 2163, 5),
(2325, 2163, 8),
(2326, 2164, 1),
(2327, 2164, 5),
(2328, 2165, 1),
(2329, 2166, 2),
(2330, 2167, 1),
(2331, 2167, 2),
(2332, 2168, 1),
(2333, 2169, 1),
(2334, 2170, 7),
(2335, 2171, 5),
(2336, 2172, 2),
(2337, 2173, 2),
(2338, 2174, 1),
(2339, 2175, 1),
(2340, 2175, 5),
(2341, 2176, 1),
(2342, 2177, 1),
(2343, 2177, 7),
(2344, 2177, 8),
(2345, 2177, 9),
(2346, 2178, 1),
(2347, 2179, 1),
(2348, 2180, 7),
(2349, 2180, 8),
(2350, 2181, 1),
(2351, 2181, 7),
(2352, 2181, 8),
(2353, 2181, 9),
(2354, 2182, 1),
(2355, 2182, 2),
(2356, 2183, 1),
(2357, 2184, 1),
(2358, 2184, 2),
(2359, 2185, 7),
(2360, 2185, 8),
(2361, 2186, 7),
(2362, 2187, 1),
(2363, 2188, 1),
(2364, 2189, 1),
(2365, 2189, 2),
(2366, 2190, 1),
(2367, 2190, 7),
(2368, 2191, 1),
(2369, 2191, 2),
(2370, 2191, 7),
(2371, 2191, 8),
(2372, 2192, 1),
(2373, 2193, 1),
(2374, 2193, 7),
(2375, 2193, 8),
(2376, 2193, 9),
(2377, 2194, 2),
(2378, 2195, 1),
(2379, 2195, 2),
(2380, 2196, 1),
(2381, 2197, 1),
(2382, 2197, 3),
(2383, 2198, 1),
(2384, 2198, 2),
(2385, 2199, 1),
(2386, 2199, 2),
(2387, 2199, 7),
(2388, 2199, 8),
(2389, 2199, 9),
(2390, 2200, 1),
(2391, 2201, 1),
(2392, 2202, 1),
(2393, 2202, 2),
(2394, 2203, 2),
(2395, 2204, 1),
(2396, 2205, 1),
(2397, 2205, 2),
(2398, 2205, 5),
(2399, 2205, 8),
(2400, 2206, 1),
(2401, 2206, 2),
(2402, 2207, 2),
(2403, 2207, 5),
(2404, 2207, 7),
(2405, 2207, 8),
(2406, 2208, 1),
(2407, 2208, 7),
(2408, 2208, 8),
(2409, 2208, 9),
(2410, 2209, 1),
(2411, 2209, 2),
(2412, 2210, 7),
(2413, 2210, 8),
(2414, 2211, 2),
(2415, 2212, 7),
(2416, 2212, 8),
(2417, 2213, 1),
(2418, 2213, 7),
(2419, 2214, 1),
(2420, 2214, 7),
(2421, 2215, 7),
(2422, 2215, 8),
(2423, 2216, 2),
(2424, 2217, 1),
(2425, 2218, 7),
(2426, 2218, 8),
(2427, 2219, 7),
(2428, 2219, 8),
(2429, 2220, 1),
(2430, 2221, 2),
(2431, 2221, 5),
(2432, 2221, 7),
(2433, 2221, 8),
(2434, 2222, 2),
(2435, 2223, 1),
(2436, 2223, 2),
(2437, 2224, 1),
(2438, 2224, 2),
(2439, 2225, 1),
(2440, 2225, 7),
(2441, 2225, 8),
(2442, 2225, 9),
(2443, 2226, 1),
(2444, 2226, 2),
(2445, 2227, 1),
(2446, 2228, 1),
(2447, 2229, 1),
(2448, 2229, 2),
(2449, 2229, 5),
(2450, 2229, 7),
(2451, 2230, 5),
(2452, 2231, 1),
(2453, 2232, 2),
(2454, 2233, 7),
(2455, 2233, 8),
(2456, 2233, 9),
(2457, 2233, 10),
(2458, 2234, 1),
(2459, 2234, 7),
(2460, 2234, 8),
(2461, 2234, 9),
(2462, 2235, 1),
(2463, 2235, 3),
(2464, 2236, 1),
(2465, 2236, 2),
(2466, 2236, 6),
(2467, 2237, 1),
(2468, 2237, 4),
(2469, 2237, 7),
(2470, 2238, 1),
(2471, 2239, 7),
(2472, 2239, 8),
(2473, 2240, 7),
(2474, 2241, 1),
(2475, 2241, 2),
(2476, 2241, 7),
(2477, 2241, 8),
(2478, 2242, 7),
(2479, 2242, 8),
(2480, 2243, 7),
(2481, 2244, 1),
(2482, 2244, 2),
(2483, 2244, 5),
(2484, 2244, 7),
(2485, 2245, 7),
(2486, 2245, 8),
(2487, 2246, 1),
(2488, 2246, 5),
(2489, 2247, 1),
(2490, 2247, 2),
(2491, 2248, 1),
(2492, 2249, 1),
(2493, 2249, 2),
(2494, 2249, 5),
(2495, 2249, 7),
(2496, 2250, 1),
(2497, 2251, 7),
(2498, 2251, 8),
(2499, 2252, 10),
(2500, 2253, 2),
(2501, 2253, 5),
(2502, 2253, 7),
(2503, 2253, 8),
(2504, 2254, 1),
(2505, 2255, 1),
(2506, 2255, 2),
(2507, 2256, 1),
(2508, 2256, 2),
(2509, 2256, 5),
(2510, 2256, 7),
(2511, 2257, 5),
(2512, 2258, 2),
(2513, 2259, 1);

-- FASE: tb_riwayat_sp
INSERT INTO tb_riwayat_sp (id_sp, id_anggota, tingkat_sp, kategori_pemicu, tanggal_terbit, status) VALUES
(2000, 2008, 'SP1', 'KERAJINAN', '2023-10-03', 'Selesai'),
(2001, 2127, 'SP1', 'KELAKUAN', '2023-09-14', 'Selesai'),
(2002, 2037, 'SP1', 'KERAJINAN', '2023-10-02', 'Selesai'),
(2003, 2179, 'SP1', 'KERAJINAN', '2023-09-01', 'Selesai'),
(2004, 2211, 'SP1', 'KERAJINAN', '2023-08-09', 'Selesai'),
(2005, 2211, 'SP1', 'KERAPIAN', '2023-09-13', 'Selesai'),
(2006, 2067, 'SP1', 'KERAJINAN', '2023-10-26', 'Selesai'),
(2007, 2018, 'SP1', 'KERAJINAN', '2023-10-21', 'Selesai'),
(2008, 2204, 'SP1', 'KELAKUAN', '2023-10-23', 'Selesai'),
(2009, 2043, 'SP1', 'KELAKUAN', '2023-10-21', 'Selesai'),
(2010, 2016, 'SP1', 'KELAKUAN', '2023-10-24', 'Selesai'),
(2011, 2016, 'SP1', 'KERAJINAN', '2023-10-16', 'Selesai'),
(2012, 2107, 'SP1', 'KERAJINAN', '2023-10-06', 'Selesai'),
(2013, 2107, 'SP2', 'KERAJINAN', '2023-12-04', 'Selesai'),
(2014, 2107, 'SP3', 'KERAJINAN', '2024-03-24', 'Selesai'),
(2015, 2107, 'Sanksi oleh Sekolah', 'KERAJINAN', '2024-03-12', 'Selesai'),
(2016, 2201, 'SP1', 'KELAKUAN', '2023-10-14', 'Selesai'),
(2017, 2215, 'SP1', 'KERAPIAN', '2023-09-27', 'Selesai'),
(2018, 2216, 'SP1', 'KERAJINAN', '2023-10-09', 'Selesai'),
(2019, 2036, 'SP1', 'KERAPIAN', '2023-10-07', 'Selesai'),
(2020, 2125, 'SP1', 'KERAJINAN', '2023-09-08', 'Selesai'),
(2021, 2061, 'SP1', 'KERAPIAN', '2023-09-15', 'Selesai'),
(2022, 2212, 'SP1', 'KERAJINAN', '2023-10-09', 'Selesai'),
(2023, 2212, 'SP2', 'KERAJINAN', '2023-11-25', 'Selesai'),
(2024, 2100, 'SP1', 'KERAJINAN', '2023-10-10', 'Selesai'),
(2025, 2358, 'SP1', 'KERAJINAN', '2024-10-27', 'Selesai'),
(2026, 2358, 'SP2', 'KERAJINAN', '2024-12-09', 'Selesai'),
(2027, 2358, 'SP3', 'KERAJINAN', '2025-03-05', 'Selesai'),
(2028, 2358, 'SP1', 'KERAPIAN', '2024-10-06', 'Selesai'),
(2029, 2436, 'SP1', 'KERAJINAN', '2024-10-04', 'Selesai'),
(2030, 2247, 'SP1', 'KERAPIAN', '2024-08-05', 'Selesai'),
(2031, 2434, 'SP1', 'KELAKUAN', '2024-10-06', 'Selesai'),
(2032, 2406, 'SP1', 'KERAJINAN', '2024-09-22', 'Selesai'),
(2033, 2361, 'SP1', 'KERAJINAN', '2024-09-18', 'Selesai'),
(2034, 2361, 'SP2', 'KERAJINAN', '2024-11-01', 'Selesai'),
(2035, 2361, 'SP3', 'KERAJINAN', '2025-02-28', 'Selesai'),
(2036, 2285, 'SP1', 'KELAKUAN', '2024-08-26', 'Selesai'),
(2037, 2285, 'SP1', 'KERAJINAN', '2024-10-08', 'Selesai'),
(2038, 2488, 'SP1', 'KERAJINAN', '2024-09-24', 'Selesai'),
(2039, 2251, 'SP1', 'KERAJINAN', '2024-10-03', 'Selesai'),
(2040, 2287, 'SP1', 'KELAKUAN', '2024-10-13', 'Selesai'),
(2041, 2446, 'SP1', 'KERAJINAN', '2024-09-20', 'Selesai'),
(2042, 2254, 'SP1', 'KERAJINAN', '2024-08-06', 'Selesai'),
(2043, 2462, 'SP1', 'KERAJINAN', '2024-08-28', 'Selesai'),
(2044, 2462, 'SP2', 'KERAJINAN', '2024-11-21', 'Selesai'),
(2045, 2340, 'SP1', 'KERAJINAN', '2024-09-17', 'Selesai'),
(2046, 2340, 'SP2', 'KERAJINAN', '2024-12-06', 'Selesai'),
(2047, 2519, 'SP1', 'KELAKUAN', '2024-09-28', 'Selesai'),
(2048, 2243, 'SP1', 'KERAJINAN', '2024-08-19', 'Selesai'),
(2049, 2243, 'SP2', 'KERAJINAN', '2024-12-20', 'Selesai'),
(2050, 2507, 'SP1', 'KERAJINAN', '2024-10-09', 'Selesai'),
(2051, 2364, 'SP1', 'KERAJINAN', '2024-09-02', 'Selesai'),
(2052, 2453, 'SP1', 'KERAJINAN', '2024-09-20', 'Selesai'),
(2053, 2326, 'SP1', 'KELAKUAN', '2024-09-02', 'Selesai'),
(2054, 2223, 'SP1', 'KERAJINAN', '2024-08-19', 'Selesai'),
(2055, 2223, 'SP2', 'KERAJINAN', '2024-11-20', 'Selesai'),
(2056, 2223, 'SP3', 'KERAJINAN', '2025-01-15', 'Selesai'),
(2057, 2369, 'SP1', 'KERAJINAN', '2024-08-11', 'Selesai'),
(2058, 2442, 'SP1', 'KELAKUAN', '2024-10-13', 'Selesai'),
(2059, 2442, 'SP2', 'KELAKUAN', '2024-12-07', 'Selesai'),
(2060, 2442, 'SP3', 'KELAKUAN', '2025-03-01', 'Selesai'),
(2061, 2442, 'Sanksi oleh Sekolah', 'KELAKUAN', '2025-01-13', 'Selesai'),
(2062, 2253, 'SP1', 'KERAPIAN', '2024-09-19', 'Selesai'),
(2063, 2474, 'SP1', 'KERAJINAN', '2024-08-23', 'Selesai'),
(2064, 2474, 'SP2', 'KERAJINAN', '2024-11-21', 'Selesai'),
(2065, 2729, 'SP1', 'KELAKUAN', '2025-09-20', 'Selesai'),
(2066, 2837, 'SP1', 'KELAKUAN', '2025-10-17', 'Selesai'),
(2067, 2837, 'SP1', 'KERAJINAN', '2025-10-25', 'Selesai'),
(2068, 2771, 'SP1', 'KERAJINAN', '2025-09-07', 'Selesai'),
(2069, 2747, 'SP1', 'KERAJINAN', '2025-10-07', 'Selesai'),
(2070, 2747, 'SP1', 'KERAPIAN', '2025-08-23', 'Selesai'),
(2071, 2762, 'SP1', 'KELAKUAN', '2025-09-16', 'Selesai'),
(2072, 2560, 'SP1', 'KERAPIAN', '2025-10-10', 'Selesai'),
(2073, 2840, 'SP1', 'KERAJINAN', '2025-10-17', 'Selesai'),
(2074, 2840, 'SP2', 'KERAJINAN', '2025-11-19', 'Selesai'),
(2075, 2840, 'SP3', 'KERAJINAN', '2026-01-24', 'Selesai'),
(2076, 2557, 'SP1', 'KELAKUAN', '2025-08-17', 'Selesai'),
(2077, 2848, 'SP1', 'KELAKUAN', '2025-09-06', 'Selesai'),
(2078, 2830, 'SP1', 'KELAKUAN', '2025-09-13', 'Selesai'),
(2079, 2830, 'SP1', 'KERAJINAN', '2025-10-03', 'Selesai'),
(2080, 2830, 'SP2', 'KERAJINAN', '2025-11-06', 'Selesai'),
(2081, 2830, 'SP3', 'KERAJINAN', '2026-01-02', 'Selesai'),
(2082, 2830, 'Sanksi oleh Sekolah', 'KERAJINAN', '2026-04-12', 'Selesai'),
(2083, 2614, 'SP1', 'KELAKUAN', '2025-08-26', 'Selesai'),
(2084, 2822, 'SP1', 'KELAKUAN', '2025-08-14', 'Selesai'),
(2085, 2822, 'SP1', 'KERAJINAN', '2025-09-24', 'Selesai'),
(2086, 2693, 'SP1', 'KERAJINAN', '2025-09-08', 'Selesai'),
(2087, 2618, 'SP1', 'KERAJINAN', '2025-09-23', 'Selesai'),
(2088, 2593, 'SP1', 'KERAJINAN', '2025-10-18', 'Selesai'),
(2089, 2593, 'SP2', 'KERAJINAN', '2025-12-21', 'Selesai'),
(2090, 2593, 'SP1', 'KERAPIAN', '2025-09-18', 'Selesai'),
(2091, 2796, 'SP1', 'KERAPIAN', '2025-09-27', 'Selesai'),
(2092, 2715, 'SP1', 'KERAJINAN', '2025-09-05', 'Selesai'),
(2093, 2868, 'SP1', 'KELAKUAN', '2025-09-14', 'Selesai'),
(2094, 2868, 'SP1', 'KERAPIAN', '2025-08-24', 'Selesai'),
(2095, 2809, 'SP1', 'KERAJINAN', '2025-08-26', 'Selesai'),
(2096, 2691, 'SP1', 'KELAKUAN', '2025-10-08', 'Selesai'),
(2097, 2726, 'SP1', 'KELAKUAN', '2025-10-04', 'Selesai'),
(2098, 2726, 'SP1', 'KERAJINAN', '2025-08-16', 'Selesai'),
(2099, 2581, 'SP1', 'KERAJINAN', '2025-08-04', 'Selesai'),
(2100, 2581, 'SP2', 'KERAJINAN', '2025-12-14', 'Selesai'),
(2101, 2581, 'SP3', 'KERAJINAN', '2026-04-09', 'Selesai'),
(2102, 2787, 'SP1', 'KERAPIAN', '2025-10-15', 'Selesai'),
(2103, 2698, 'SP1', 'KERAPIAN', '2025-10-26', 'Selesai'),
(2104, 2775, 'SP1', 'KERAPIAN', '2025-09-22', 'Selesai'),
(2105, 2795, 'SP1', 'KERAJINAN', '2025-09-05', 'Selesai'),
(2106, 2795, 'SP2', 'KERAJINAN', '2025-12-01', 'Selesai'),
(2107, 2795, 'SP3', 'KERAJINAN', '2026-03-26', 'Selesai'),
(2108, 2795, 'Sanksi oleh Sekolah', 'KERAJINAN', '2026-02-25', 'Selesai'),
(2109, 2597, 'SP1', 'KELAKUAN', '2025-08-22', 'Selesai'),
(2110, 2597, 'SP1', 'KERAPIAN', '2025-08-05', 'Selesai'),
(2111, 2556, 'SP1', 'KELAKUAN', '2025-09-24', 'Selesai'),
(2112, 2773, 'SP1', 'KELAKUAN', '2025-09-07', 'Selesai'),
(2113, 2568, 'SP1', 'KERAJINAN', '2025-09-08', 'Selesai'),
(2114, 2797, 'SP1', 'KERAJINAN', '2025-08-16', 'Selesai'),
(2115, 2797, 'SP2', 'KERAJINAN', '2025-12-08', 'Selesai'),
(2116, 2797, 'SP3', 'KERAJINAN', '2026-04-17', 'Selesai'),
(2117, 2797, 'SP1', 'KERAPIAN', '2025-08-04', 'Selesai'),
(2118, 2853, 'SP1', 'KERAJINAN', '2025-09-11', 'Selesai'),
(2119, 2853, 'SP2', 'KERAJINAN', '2025-12-07', 'Selesai'),
(2120, 2853, 'SP3', 'KERAJINAN', '2026-02-17', 'Selesai'),
(2121, 2677, 'SP1', 'KELAKUAN', '2025-10-08', 'Selesai'),
(2122, 2683, 'SP1', 'KERAJINAN', '2025-10-08', 'Selesai'),
(2123, 2818, 'SP1', 'KELAKUAN', '2025-09-04', 'Selesai');

-- FASE: tb_feedback_ortu
INSERT INTO tb_feedback_ortu (id_feedback, id_ortu, id_sp, isi_feedback, status_baca) VALUES
(2000, 256, 2000, 'Mohon maaf bapak/ibu guru, anak saya Taufik Saputra memang kurang disiplin. Saya akan lebih ketat mengawasinya di rumah.', 'Sudah Dibaca'),
(2001, 332, 2001, 'Terima kasih informasinya. Saya sudah memarahi Ahmad Wibowo karena poinnya sudah 300. Saya akan menghadap wali kelas besok pagi.', 'Sudah Dibaca'),
(2002, 172, 2002, 'Mohon maaf bapak/ibu guru, anak saya Putri Ramadhan memang kurang disiplin. Saya akan lebih ketat mengawasinya di rumah.', 'Sudah Dibaca'),
(2003, 138, 2004, 'Terima kasih informasinya. Saya sudah memarahi Dewi Firmansyah karena poinnya sudah 175. Saya akan menghadap wali kelas besok pagi.', 'Sudah Dibaca'),
(2004, 138, 2005, 'Maaf sekali, kemarin Dewi Firmansyah bangun kesiangan karena membantu saya di pasar. Saya janji tidak akan terulang lagi.', 'Sudah Dibaca'),
(2005, 295, 2006, 'Maaf sekali, kemarin Joko Ginting bangun kesiangan karena membantu saya di pasar. Saya janji tidak akan terulang lagi.', 'Sudah Dibaca'),
(2006, 270, 2007, 'Mohon maaf bapak/ibu guru, anak saya Aura Wibowo memang kurang disiplin. Saya akan lebih ketat mengawasinya di rumah.', 'Sudah Dibaca'),
(2007, 314, 2009, 'Saya sangat menyesal mendengar kabar ini dari pihak sekolah. Saya sebagai orang tua akan melakukan pembinaan lebih tegas lagi di rumah.', 'Sudah Dibaca'),
(2008, 302, 2010, 'Maaf sekali, kemarin Fitri Sutrisno bangun kesiangan karena membantu saya di pasar. Saya janji tidak akan terulang lagi.', 'Sudah Dibaca'),
(2009, 302, 2011, 'Terima kasih informasinya. Saya sudah memarahi Fitri Sutrisno karena poinnya sudah 100. Saya akan menghadap wali kelas besok pagi.', 'Sudah Dibaca'),
(2010, 198, 2012, 'Terima kasih informasinya. Saya sudah memarahi Amalia Sutrisno karena poinnya sudah 800. Saya akan menghadap wali kelas besok pagi.', 'Sudah Dibaca'),
(2011, 291, 2016, 'Anak saya Bambang Wahyudi bilang dia hanya ikut-ikutan teman. Tapi saya tetap minta maaf dan akan membina dia lebih baik lagi.', 'Sudah Dibaca'),
(2012, 322, 2021, 'Maaf sekali, kemarin Amalia Siregar bangun kesiangan karena membantu saya di pasar. Saya janji tidak akan terulang lagi.', 'Sudah Dibaca'),
(2013, 191, 2022, 'Saya sangat menyesal mendengar kabar ini dari pihak sekolah. Saya sebagai orang tua akan melakukan pembinaan lebih tegas lagi di rumah.', 'Sudah Dibaca'),
(2014, 191, 2023, 'Saya sangat menyesal mendengar kabar ini dari pihak sekolah. Saya sebagai orang tua akan melakukan pembinaan lebih tegas lagi di rumah.', 'Sudah Dibaca'),
(2015, 202, 2025, 'Terima kasih informasinya. Saya sudah memarahi Yuliana Susanto karena poinnya sudah 500. Saya akan menghadap wali kelas besok pagi.', 'Sudah Dibaca'),
(2016, 202, 2026, 'Anak saya Yuliana Susanto bilang dia hanya ikut-ikutan teman. Tapi saya tetap minta maaf dan akan membina dia lebih baik lagi.', 'Sudah Dibaca'),
(2017, 202, 2028, 'Terima kasih informasinya. Saya sudah memarahi Yuliana Susanto karena poinnya sudah 100. Saya akan menghadap wali kelas besok pagi.', 'Sudah Dibaca'),
(2018, 268, 2029, 'Saya sangat menyesal mendengar kabar ini dari pihak sekolah. Saya sebagai orang tua akan melakukan pembinaan lebih tegas lagi di rumah.', 'Sudah Dibaca'),
(2019, 170, 2030, 'Terima kasih informasinya. Saya sudah memarahi Nabila Budiman karena poinnya sudah 125. Saya akan menghadap wali kelas besok pagi.', 'Sudah Dibaca'),
(2020, 236, 2033, 'Anak saya Zaki Purnomo bilang dia hanya ikut-ikutan teman. Tapi saya tetap minta maaf dan akan membina dia lebih baik lagi.', 'Sudah Dibaca'),
(2021, 236, 2034, 'Maaf sekali, kemarin Zaki Purnomo bangun kesiangan karena membantu saya di pasar. Saya janji tidak akan terulang lagi.', 'Sudah Dibaca'),
(2022, 154, 2037, 'Mohon maaf bapak/ibu guru, anak saya Joko Wahyudi memang kurang disiplin. Saya akan lebih ketat mengawasinya di rumah.', 'Sudah Dibaca'),
(2023, 347, 2039, 'Terima kasih informasinya. Saya sudah memarahi Joko Raharjo karena poinnya sudah 125. Saya akan menghadap wali kelas besok pagi.', 'Sudah Dibaca'),
(2024, 317, 2041, 'Saya sangat menyesal mendengar kabar ini dari pihak sekolah. Saya sebagai orang tua akan melakukan pembinaan lebih tegas lagi di rumah.', 'Sudah Dibaca'),
(2025, 217, 2043, 'Maaf sekali, kemarin Rudi Susanto bangun kesiangan karena membantu saya di pasar. Saya janji tidak akan terulang lagi.', 'Sudah Dibaca'),
(2026, 217, 2044, 'Saya sangat menyesal mendengar kabar ini dari pihak sekolah. Saya sebagai orang tua akan melakukan pembinaan lebih tegas lagi di rumah.', 'Sudah Dibaca'),
(2027, 253, 2046, 'Aduh, saya kaget melihat poin Hendra Siregar sudah segitu. Mohon bimbingannya bapak/ibu, saya akan segera ke sekolah.', 'Sudah Dibaca'),
(2028, 214, 2048, 'Mohon maaf bapak/ibu guru, anak saya Maya Nugroho memang kurang disiplin. Saya akan lebih ketat mengawasinya di rumah.', 'Sudah Dibaca'),
(2029, 214, 2049, 'Aduh, saya kaget melihat poin Maya Nugroho sudah segitu. Mohon bimbingannya bapak/ibu, saya akan segera ke sekolah.', 'Sudah Dibaca'),
(2030, 234, 2050, 'Mohon maaf bapak/ibu guru, anak saya Ani Nasution memang kurang disiplin. Saya akan lebih ketat mengawasinya di rumah.', 'Sudah Dibaca'),
(2031, 217, 2051, 'Anak saya Joko Budiman bilang dia hanya ikut-ikutan teman. Tapi saya tetap minta maaf dan akan membina dia lebih baik lagi.', 'Sudah Dibaca'),
(2032, 279, 2052, 'Aduh, saya kaget melihat poin Safira Hidayatullah sudah segitu. Mohon bimbingannya bapak/ibu, saya akan segera ke sekolah.', 'Sudah Dibaca'),
(2033, 311, 2053, 'Maaf sekali, kemarin Teguh Sutrisno bangun kesiangan karena membantu saya di pasar. Saya janji tidak akan terulang lagi.', 'Sudah Dibaca'),
(2034, 232, 2054, 'Mohon maaf bapak/ibu guru, anak saya Tri Santoso memang kurang disiplin. Saya akan lebih ketat mengawasinya di rumah.', 'Sudah Dibaca'),
(2035, 151, 2057, 'Aduh, saya kaget melihat poin Tri Sutrisno sudah segitu. Mohon bimbingannya bapak/ibu, saya akan segera ke sekolah.', 'Sudah Dibaca'),
(2036, 275, 2058, 'Saya sangat menyesal mendengar kabar ini dari pihak sekolah. Saya sebagai orang tua akan melakukan pembinaan lebih tegas lagi di rumah.', 'Sudah Dibaca'),
(2037, 275, 2059, 'Terima kasih informasinya. Saya sudah memarahi Keysha Nugroho karena poinnya sudah 9999. Saya akan menghadap wali kelas besok pagi.', 'Sudah Dibaca'),
(2038, 275, 2060, 'Saya sangat menyesal mendengar kabar ini dari pihak sekolah. Saya sebagai orang tua akan melakukan pembinaan lebih tegas lagi di rumah.', 'Sudah Dibaca'),
(2039, 275, 2061, 'Anak saya Keysha Nugroho bilang dia hanya ikut-ikutan teman. Tapi saya tetap minta maaf dan akan membina dia lebih baik lagi.', 'Sudah Dibaca'),
(2040, 343, 2062, 'Mohon maaf bapak/ibu guru, anak saya Linda Santoso memang kurang disiplin. Saya akan lebih ketat mengawasinya di rumah.', 'Sudah Dibaca'),
(2041, 137, 2065, 'Terima kasih informasinya. Saya sudah memarahi Amalia Pratama karena poinnya sudah 300. Saya akan menghadap wali kelas besok pagi.', 'Sudah Dibaca'),
(2042, 194, 2066, 'Saya sangat menyesal mendengar kabar ini dari pihak sekolah. Saya sebagai orang tua akan melakukan pembinaan lebih tegas lagi di rumah.', 'Sudah Dibaca'),
(2043, 194, 2067, 'Anak saya Khadijah Pohan bilang dia hanya ikut-ikutan teman. Tapi saya tetap minta maaf dan akan membina dia lebih baik lagi.', 'Sudah Dibaca'),
(2044, 295, 2069, 'Saya sangat menyesal mendengar kabar ini dari pihak sekolah. Saya sebagai orang tua akan melakukan pembinaan lebih tegas lagi di rumah.', 'Sudah Dibaca'),
(2045, 290, 2071, 'Mohon maaf bapak/ibu guru, anak saya Wahyu Santoso memang kurang disiplin. Saya akan lebih ketat mengawasinya di rumah.', 'Sudah Dibaca'),
(2046, 221, 2073, 'Anak saya Fitri Nugroho bilang dia hanya ikut-ikutan teman. Tapi saya tetap minta maaf dan akan membina dia lebih baik lagi.', 'Sudah Dibaca'),
(2047, 221, 2075, 'Anak saya Fitri Nugroho bilang dia hanya ikut-ikutan teman. Tapi saya tetap minta maaf dan akan membina dia lebih baik lagi.', 'Sudah Dibaca'),
(2048, 302, 2076, 'Saya sangat menyesal mendengar kabar ini dari pihak sekolah. Saya sebagai orang tua akan melakukan pembinaan lebih tegas lagi di rumah.', 'Sudah Dibaca'),
(2049, 345, 2078, 'Mohon maaf bapak/ibu guru, anak saya Taufik Nugroho memang kurang disiplin. Saya akan lebih ketat mengawasinya di rumah.', 'Sudah Dibaca'),
(2050, 345, 2079, 'Saya sangat menyesal mendengar kabar ini dari pihak sekolah. Saya sebagai orang tua akan melakukan pembinaan lebih tegas lagi di rumah.', 'Sudah Dibaca'),
(2051, 345, 2080, 'Mohon maaf bapak/ibu guru, anak saya Taufik Nugroho memang kurang disiplin. Saya akan lebih ketat mengawasinya di rumah.', 'Sudah Dibaca'),
(2052, 345, 2081, 'Maaf sekali, kemarin Taufik Nugroho bangun kesiangan karena membantu saya di pasar. Saya janji tidak akan terulang lagi.', 'Sudah Dibaca'),
(2053, 345, 2082, 'Mohon maaf bapak/ibu guru, anak saya Taufik Nugroho memang kurang disiplin. Saya akan lebih ketat mengawasinya di rumah.', 'Sudah Dibaca'),
(2054, 142, 2084, 'Terima kasih informasinya. Saya sudah memarahi Utami Firmansyah karena poinnya sudah 300. Saya akan menghadap wali kelas besok pagi.', 'Sudah Dibaca'),
(2055, 142, 2085, 'Terima kasih informasinya. Saya sudah memarahi Utami Firmansyah karena poinnya sudah 125. Saya akan menghadap wali kelas besok pagi.', 'Sudah Dibaca'),
(2056, 306, 2086, 'Terima kasih informasinya. Saya sudah memarahi Slamet Permana karena poinnya sudah 100. Saya akan menghadap wali kelas besok pagi.', 'Sudah Dibaca'),
(2057, 171, 2087, 'Anak saya Ratna Wibowo bilang dia hanya ikut-ikutan teman. Tapi saya tetap minta maaf dan akan membina dia lebih baik lagi.', 'Sudah Dibaca'),
(2058, 250, 2088, 'Maaf sekali, kemarin Wati Setiawan bangun kesiangan karena membantu saya di pasar. Saya janji tidak akan terulang lagi.', 'Sudah Dibaca'),
(2059, 250, 2089, 'Saya sangat menyesal mendengar kabar ini dari pihak sekolah. Saya sebagai orang tua akan melakukan pembinaan lebih tegas lagi di rumah.', 'Sudah Dibaca'),
(2060, 250, 2090, 'Terima kasih informasinya. Saya sudah memarahi Wati Setiawan karena poinnya sudah 150. Saya akan menghadap wali kelas besok pagi.', 'Sudah Dibaca'),
(2061, 191, 2091, 'Maaf sekali, kemarin Wahyu Siregar bangun kesiangan karena membantu saya di pasar. Saya janji tidak akan terulang lagi.', 'Sudah Dibaca'),
(2062, 205, 2093, 'Mohon maaf bapak/ibu guru, anak saya Amalia Susanto memang kurang disiplin. Saya akan lebih ketat mengawasinya di rumah.', 'Sudah Dibaca'),
(2063, 287, 2095, 'Aduh, saya kaget melihat poin Syarif Ginting sudah segitu. Mohon bimbingannya bapak/ibu, saya akan segera ke sekolah.', 'Sudah Dibaca'),
(2064, 236, 2101, 'Terima kasih informasinya. Saya sudah memarahi Zaki Purnomo karena poinnya sudah 500. Saya akan menghadap wali kelas besok pagi.', 'Sudah Dibaca'),
(2065, 200, 2102, 'Maaf sekali, kemarin Iwan Permana bangun kesiangan karena membantu saya di pasar. Saya janji tidak akan terulang lagi.', 'Sudah Dibaca'),
(2066, 307, 2103, 'Terima kasih informasinya. Saya sudah memarahi Nabila Susanto karena poinnya sudah 100. Saya akan menghadap wali kelas besok pagi.', 'Sudah Dibaca'),
(2067, 177, 2106, 'Anak saya Dani Lubis bilang dia hanya ikut-ikutan teman. Tapi saya tetap minta maaf dan akan membina dia lebih baik lagi.', 'Sudah Dibaca'),
(2068, 177, 2107, 'Anak saya Dani Lubis bilang dia hanya ikut-ikutan teman. Tapi saya tetap minta maaf dan akan membina dia lebih baik lagi.', 'Sudah Dibaca'),
(2069, 177, 2108, 'Terima kasih informasinya. Saya sudah memarahi Dani Lubis karena poinnya sudah 600. Saya akan menghadap wali kelas besok pagi.', 'Sudah Dibaca'),
(2070, 250, 2109, 'Terima kasih informasinya. Saya sudah memarahi Sari Nugroho karena poinnya sudah 300. Saya akan menghadap wali kelas besok pagi.', 'Sudah Dibaca'),
(2071, 250, 2110, 'Mohon maaf bapak/ibu guru, anak saya Sari Nugroho memang kurang disiplin. Saya akan lebih ketat mengawasinya di rumah.', 'Sudah Dibaca'),
(2072, 119, 2111, 'Aduh, saya kaget melihat poin Guntur Sitorus sudah segitu. Mohon bimbingannya bapak/ibu, saya akan segera ke sekolah.', 'Sudah Dibaca'),
(2073, 247, 2113, 'Anak saya Nabila Saputra bilang dia hanya ikut-ikutan teman. Tapi saya tetap minta maaf dan akan membina dia lebih baik lagi.', 'Sudah Dibaca'),
(2074, 219, 2114, 'Aduh, saya kaget melihat poin Syarif Susanto sudah segitu. Mohon bimbingannya bapak/ibu, saya akan segera ke sekolah.', 'Sudah Dibaca'),
(2075, 219, 2115, 'Mohon maaf bapak/ibu guru, anak saya Syarif Susanto memang kurang disiplin. Saya akan lebih ketat mengawasinya di rumah.', 'Sudah Dibaca'),
(2076, 219, 2117, 'Saya sangat menyesal mendengar kabar ini dari pihak sekolah. Saya sebagai orang tua akan melakukan pembinaan lebih tegas lagi di rumah.', 'Sudah Dibaca'),
(2077, 131, 2119, 'Aduh, saya kaget melihat poin Indah Pratama sudah segitu. Mohon bimbingannya bapak/ibu, saya akan segera ke sekolah.', 'Sudah Dibaca'),
(2078, 233, 2122, 'Terima kasih informasinya. Saya sudah memarahi Dani Pane karena poinnya sudah 75. Saya akan menghadap wali kelas besok pagi.', 'Sudah Dibaca'),
(2079, 230, 2123, 'Aduh, saya kaget melihat poin Ridwan Siregar sudah segitu. Mohon bimbingannya bapak/ibu, saya akan segera ke sekolah.', 'Sudah Dibaca');

COMMIT;
SET FOREIGN_KEY_CHECKS = 1;